n_I,n_II,n_III,n_IV,n_V,n_s,m_R,m_NR,n_c,n_v,dm_R,dm_NR,Time (s)
577574.1395308232,585636.0309965559,585636.7351464237,585636.7355252078,585636.7355302061,585636.7355302073,3178584.8999004834,327172.2193598851,0.007000938288222692,3.743133590904045e-20,0.2225307672807979,2.290512517359413e-05,0.0
577574.0815714776,585636.0431865364,585636.7473395829,585636.7477183676,585636.7477233659,585636.7477233671,3178584.8960245554,327172.21935948654,0.00012133811763146636,1.6598931292328727e-23,0.003856835080154298,3.969846123838929e-07,1.0
577574.0106951473,585636.0565066173,585636.7606635917,585636.7610423772,585636.7610473755,585636.7610473767,3178584.8917891574,327172.2193590506,0.00014571583973039257,2.364585053134178e-23,0.004631701666613961,4.7674174680360266e-07,2.0
577573.9256835568,585636.0724831201,585636.7766449444,585636.7770237309,585636.7770287292,585636.7770287304,3178584.8867090507,327172.2193585277,0.00017476027159041863,3.35991637172052e-23,0.005554903580744738,5.717670591193632e-07,3.0
577573.8237829753,585636.0916335353,585636.7958013436,585636.7961801315,585636.7961851297,585636.7961851308,3178584.8806196703,327172.2193579009,0.0002093181118473996,4.761814254516051e-23,0.006653353855580015,6.848307120491906e-07,4.0
577573.7017928131,585636.1145593197,585636.8187345008,585636.8191132903,585636.8191182886,585636.8191182897,3178584.873329744,327172.2193571506,0.00025038589749409233,6.732308762954597e-23,0.00795872826269814,8.19193097788742e-07,5.0
577573.5559683316,585636.1419641809,585636.8461484297,585636.8465272214,585636.8465322198,585636.846532221,3178584.8646154837,327172.2193562536,0.00029912583048729565,9.494099333566764e-23,0.009507968374024548,9.786566182731103e-07,6.0
577573.3818800262,585636.174680501,585636.8788758855,585636.87925468,585636.8792596784,585636.8792596796,3178584.854212174,327172.2193551828,0.00035689880291128376,1.335559145334893e-22,0.011344331294202625,1.1676737343369267e-06,7.0
577573.1743544535,585636.2136804524,585636.9178894878,585636.9182682859,585636.9182732843,585636.9182732855,3178584.841810642,327172.21935390634,0.0004252921299952901,1.8740428744627525e-22,0.013518271177443903,1.391437700443091e-06,8.0
577572.9272411432,585636.2601197963,585636.9643455453,585636.9647243479,585636.9647293465,585636.9647293476,3178584.827043324,327172.2193523863,0.000506176657343092,2.624082272803369e-22,0.016089254428342598,1.6560694036731176e-06,9.0
577572.6333053816,585636.3153580357,585637.0196042237,585637.019983032,585637.0199880307,585637.0199880318,3178584.809477853,327172.21935057826,0.000601689542587731,3.6647438652350894e-22,0.019125212400910398,1.9685610300846224e-06,10.0
577572.2841059685,585636.380981365,585637.085252512,585637.0856313277,585637.0856363263,585637.0856363275,3178584.7886097636,327172.2193484303,0.0007143602543597033,5.106566736274653e-22,0.022706546380951546,2.3371882983317328e-06,11.0
577571.869773951,585636.4588442547,585637.1631458354,585637.1635246605,585637.1635296593,585637.1635296604,3178584.7638492575,327172.2193458817,0.0008471109818975962,7.100110704161459e-22,0.026926140603490835,2.771511799797056e-06,12.0
577571.3787549998,585636.5511178544,585637.2554564922,585637.2558353293,585637.2558403283,585637.2558403295,3178584.7345058103,327172.2193428614,0.0010033316339628886,9.845686106378712e-22,0.031891746153612094,3.282622374205377e-06,13.0
577570.7975467957,585636.6603393303,585637.3647230278,585637.36510188,585637.3651068792,585637.3651068803,3178584.699772477,327172.2193392863,0.0011869633345470926,1.3625045980120378e-21,0.03772863494382309,3.88341428438132e-06,14.0
577570.1104041436,585636.7894672701,585637.4939056814,585637.4942845529,585637.4942895522,585637.4942895534,3178584.658708266,327172.2193350596,0.0014025648237390518,1.881206768875297e-21,0.04458171031580814,4.588802461439922e-06,15.0
577569.2989489476,585636.941954958,585637.6464597182,585637.646838614,585637.6468436137,585637.6468436149,3178584.610214826,327172.21933006815,0.001655420881523753,2.5915880962883628e-21,0.05261895337439663,5.4160772373346416e-06,16.0
577568.3417652744,585637.1218264556,585637.8264115708,585637.8267904973,585637.8267954973,585637.8267954985,3178584.5530122477,327172.21932418033,0.0019516272097941294,3.562462407441033e-21,0.06203412102290013,6.385182055218031e-06,17.0
577567.2139603732,585637.3337590676,585638.0384413727,585638.038820338,585638.0388253384,585638.0388253395,3178584.4856128236,327172.21931724285,0.0022982299159992415,4.886115759669143e-21,0.07305117955366452,7.519169821187524e-06,18.0
577565.8866269859,585637.5831843561,585638.2879840581,585638.2883630722,585638.2883680732,585638.2883680743,3178584.4062889125,327172.21930907806,0.00270336328726088,6.687194554708057e-21,0.08592868389421368,8.844653662918268e-06,19.0
577564.3262113747,585637.87640687,585638.5813481928,585638.5817272682,585638.5817322698,585638.581732271,3178584.313035167,327172.21929947945,0.003176391965534395,9.132624814776332e-21,0.10096429673698569,1.0392272087289236e-05,20.0
577562.4938026158,585638.2207376565,585638.9258496044,585638.9262287567,585638.9262337593,585638.9262337604,3178584.203526052,327172.21928820765,0.0037280989596788702,1.2445924406507791e-20,0.11850076462417167,1.2197304103641942e-05,21.0
577560.3443303164,585638.6246449769,585639.3299622361,585639.3303414845,585639.3303464884,585639.3303464896,3178584.075067898,327172.21927498543,0.0043708837297405405,1.6925782803697095e-20,0.1389322141732666,1.4300317300521382e-05,22.0
577557.8256488546,585639.0979263372,585639.8034903363,585639.8038697052,585639.8038747106,585639.8038747117,3178583.92454416,327172.219259492,0.0051189886235561075,2.2970105697994782e-20,0.1627113494875988,1.674790868332944e-05,23.0
577554.8774988541,585639.6519035737,585640.3577637335,585640.3581432527,585640.3581482599,585640.3581482611,3178583.7483533467,327172.21924135665,0.005988760960502167,3.1109035689161296e-20,0.19035778261825168,1.9593562139534927e-05,24.0
577551.4303060404,585640.2996484879,585641.0058636906,585641.0062433972,585641.0062484071,585641.0062484082,3178583.5423372285,327172.21922015137,0.00699894127457289,4.204661572023964e-20,0.22246719549142135,2.2898591489935275e-05,25.0
577547.4038241745,585641.0562377637,585641.7628780805,585641.7632580204,585641.7632630334,585641.7632630345,3178583.3016997217,327172.2191953825,0.008170990277742974,5.671534159285807e-20,0.2597217325518459,2.6733210221930636e-05,26.0
577542.7055830518,585641.9390444959,585642.6461932154,585642.6465734454,585642.6465784621,585642.6465784634,3178583.020914123,327172.2191664811,0.009529463070524838,7.634883604363477e-20,0.30290189514398413,3.11777558024864e-05,27.0
577537.2291374267,585642.9680671071,585643.6758231131,585643.676203703,585643.6762087247,585643.676208726,3178582.6936184447,327172.21913279255,0.011102429355584321,1.0257634790179926e-19,0.3528998980678171,3.632406450031583e-05,28.0
577530.8520799222,585644.1663025907,585644.874783145,585644.8751641813,585644.8751692092,585644.8751692105,3178582.3124966426,327172.2190935636,0.012921940282652445,1.375443217955569e-19,0.4107345082557693,4.227699877269911e-05,29.0
577523.4338083362,585645.5601658763,585646.2695098683,585646.269891457,585646.2698964926,585646.2698964939,3178581.8691451615,327172.2190479294,0.015024559211862396,1.840746994758125e-19,0.4775679150272373,4.915618377562029e-05,30.0
577514.812923325,585647.1799786101,585647.8903503661,585647.8907326377,585647.8907376829,585647.8907376842,3178581.3539173873,327172.21899489686,0.017451970589047815,2.4587873384191904e-19,0.5547250830346203,5.709799943452451e-05,31.0
577504.8043318684,585649.0605131949,585649.7721069235,585649.7724900382,585649.7724950954,585649.7724950967,3178580.75575051,327172.2189333274,0.02025161240408167,3.278037960074828e-19,0.6437138546053232,6.625764967221098e-05,32.0
577493.1960166931,585651.2415995369,585651.954644503,585651.9550286569,585651.9550337292,585651.9550337304,3178580.0619724244,327172.2188619167,0.0234774838040764,4.362119871759276e-19,0.7462506192491776,7.681180469474388e-05,33.0
577479.7453490424,585653.7688175689,585654.4835841171,585654.4839695501,585654.4839746412,585654.4839746425,3178579.25808133,327172.21877917193,0.027190931911249158,5.79391912342922e-19,0.8642853218099832,8.896117524076778e-05,34.0
577464.1749309105,585656.6942781161,585657.4110846771,585657.4114716825,585657.4114767972,585657.4114767985,3178578.327497203,327172.21868338657,0.031461600181669706,7.681362853219931e-19,1.000031604858374,0.00010293361534766516,35.0
577446.1678317211,585660.0775174523,585660.7967387049,585660.7971276408,585660.7971327846,585660.7971327859,3178577.2512770803,327172.2185726108,0.03636859413831163,1.0165656135355323e-18,1.1560038598896631,0.00011898793630598265,36.0
577425.3623590774,585663.9864794097,585664.7085557393,585664.7089470419,585664.7089522217,585664.7089522231,3178576.00780247,327172.21844461944,0.04200136867814457,1.3428524680982546e-18,1.335045427752165,0.00013741680968138912,37.0
577401.3460672274,585668.4986404978,585669.2240889757,585669.2244831763,585669.2244884009,585669.2244884023,3178574.5724212322,327172.218296875,0.048461419790220145,1.7707153650731663e-18,1.5403823668862486,0.00015855230214582405,38.0
577373.6492459628,585673.7022326718,585674.4316597384,585674.4320574828,585674.4320627627,585674.4320627643,3178572.9170583677,327172.2181264877,0.05586346602890868,2.3307705951717835e-18,1.775661001724993,0.00018276974092911746,39.0
577341.7371235468,585679.6977075245,585680.4318237364,585680.4322258085,585680.432231157,585680.4322311586,3178571.0097499574,327172.21793016733,0.06433718677382155,3.0625828212606168e-18,2.0450031672813758,0.00021049340092178624,40.0
577305.0016376108,585686.5992815512,585687.338918584,585687.3393259348,585687.339331368,585687.3393313696,3178568.814151273,327172.21770417294,0.07402902182687324,4.017178730654838e-18,2.353063401210232,0.00024220239245568742,41.0
577262.7519669943,585694.5367140545,585695.282844355,585695.2832581361,585695.2832636737,585695.2832636753,3178566.2889708304,327172.2174442543,0.08510418959744834,5.2602536846897275e-18,2.7050930810463134,0.00027843726424393417,42.0
577214.2039417234,585703.6572956605,585704.4110551276,585704.4114767326,585704.4114823986,585704.4114824003,3178563.387337375,327172.2171455869,0.09774891208637837,6.876252228632753e-18,3.107011131098221,0.0003198072829086947,43.0
577158.4682992639,585714.128053404,585714.8907675188,585714.8911986307,585714.8912044546,585714.8912044566,3178560.0560979233,327172.2168026994,0.1121728873714707,8.97350223565592e-18,3.56548259176128,0.0003669985222648359,44.0
577094.5373662077,585726.1382513976,585726.9114653526,585726.9119080029,585726.9119140207,585726.9119140229,3178556.235021685,327172.2164093921,0.1286120657242809,1.1690856070000201e-17,4.0880068340693185,0.0004207829460000339,45.0
577021.2704074053,585739.9021416288,585740.6876549715,585740.6881116084,585740.6881178641,585740.6881178664,3178551.8559243414,327172.2159586465,0.14733163698133508,1.52058381843372e-17,4.6830124816339405,0.0004820281815199827,46.0
576937.3771211399,585755.6620627483,585756.4619692321,585756.4624428028,585756.4624493498,585756.4624493525,3178546.841681527,327172.21544252394,0.16862941955800897,1.9745190934634445e-17,5.359965089506986,0.0005517086078558067,47.0
576841.3994080091,585773.691862875,585774.508596207,585774.5090902555,585774.509097159,585774.5090971618,3178541.105139138,327172.21485205315,0.1928395184157938,2.5597972240686815e-17,6.129483359798365,0.0006309173235109855,48.0
576731.6909767344,585794.3007283822,585795.1371147338,585795.1376335166,585795.1376408556,585795.1376408588,3178534.547894382,327172.214177105,0.22033639990503676,3.313213648920508e-17,7.003468592568318,0.0007208794782074295,49.0
576606.3948535615,585817.837406118,585818.6967242843,585818.6972729076,585818.6972807781,585818.6972807815,3178527.058951553,327172.21340625384,0.2515393701881093,4.281544259342514e-17,7.995246945345371,0.0008229669250325878,50.0
576463.4177628113,585844.6950128938,585845.5810633886,585845.5816479715,585845.5816564896,585845.5816564936,3178518.513190836,327172.2125266202,0.28691740262444315,5.5241272001801555e-17,9.119722759984215,0.0009387140142903017,51.0
576300.4029180189,585875.3161430884,585876.2333270006,585876.233954867,585876.2339641738,585876.2339641784,3178508.7697421946,327172.2115237031,0.32699456522465975,7.116162333661902e-17,10.393550932246171,0.0010698353506078371,52.0
576114.6989788921,585910.1986958651,585911.1521051272,585911.1527850343,585911.1527952995,585911.152795305,3178497.670130159,327172.21038118907,0.372355819191513,9.152808440617007e-17,11.835321037596309,0.001218244764131857,53.0
575903.3259489688,585949.9022764026,585950.8977969575,585950.8985393639,585950.8985507931,585950.8985507995,3178485.0362358843,327172.20908074226,0.4236533361664441,1.17542234370259e-16,13.465757895564536,0.0013860759787800185,54.0
575662.9377134959,585995.0552274715,585996.099657017,585996.1004743996,585996.1004872406,585996.1004872482,3178470.668058561,327172.20760177384,0.48161345660179733,1.5071982061891243e-16,15.307942451511078,0.0015757053780713114,55.0
575389.7806160324,586046.3624042313,586047.463586555,586047.4644937825,586047.464508334,586047.4645083431,3178454.3412402617,327172.2059211874,0.5470441645125612,1.929708939702547e-16,17.387548995451024,0.001789776460398876,56.0
575079.647962841,586104.613712981,586105.7806910848,586105.7817058577,586105.7817224789,586105.7817224899,3178435.8043476613,327172.2040130985,0.6208430203535821,2.4669605755107876e-16,19.733096847711693,0.0020312257931523045,57.0
574727.8300928493,586170.693481692,586171.9366721965,586171.9378155641,586171.9378346872,586171.9378347007,3178414.775889089,327172.20184852753,0.7040059203330102,3.149111609304056e-16,22.37622819499837,0.0023033116706975003,58.0
574329.0597483941,586245.5907119804,586246.9221035892,586246.923400557,586246.9234227006,586246.9234227173,3178390.9410511414,327172.19939506374,0.7976362602583134,4.0139790717157976e-16,25.35199863858934,0.0026096440958596587,59.0
573877.452279547,586330.4103000032,586331.8436792445,586331.8451594871,586331.8451852736,586331.8451852943,3178363.94812711,327172.19661649683,0.9029547508529419,5.108920638485938e-16,28.699188269010875,0.002954216892818586,60.0
573366.4405697425,586426.3852472054,586427.93645497,586427.9381536673,586427.9381838422,586427.9381838677,3178333.404630643,327172.1934724167,1.0213097589842215,6.493152462663578e-16,32.46062923454822,0.0033414415406165304,61.0
572788.704408556,586534.8899121745,586536.5771349877,586536.579093804,586536.57912926,586536.5791292916,3178298.8730784548,327172.18991777865,1.1541881540297083,8.240627930480212e-16,36.68354909273124,0.003776182659310581,62.0
572136.093922109,586657.454376454,586659.2984770109,586659.3007452415,586659.3007870455,586659.3007870846,3178259.866419057,327172.18590243184,1.3032265370068896,1.0443556997066345e-15,41.419925994212875,0.0042637947483860055,63.0
571399.5466532866,586795.7800004657,586797.8048927375,586797.8075286499,586797.8075780766,586797.807578125,3178215.843083523,327172.181370609,1.4702227845724676,1.3216794973559937e-15,46.726853467905904,0.004810159955293452,64.0
570568.998958484,586951.7560442539,586953.9891184685,586953.9921908691,586953.9922494394,586953.9922494993,3178166.201698333,327172.1762603812,1.6571476932412785,1.6703182375336353e-15,52.66690789881789,0.0054217261718261965,65.0
569633.2912763238,587127.4774359977,587129.9500397786,587129.9536298406,587129.9536993674,587129.9536994419,3178110.2754342225,327172.1705030742,1.8661565401597158,2.10800298626925e-15,59.3085127585037,0.006105544857425616,66.0
568580.0670993327,587325.2637194261,587328.0117023914,587328.0159057865,587328.0159884285,587328.0159885208,3178047.3259815616,327172.16402264684,2.0996003156551923,2.6567036647072956e-15,66.72629168798028,0.006869307788555417,67.0
567395.6654046875,587547.6792248869,587550.7435557947,587550.7484851833,587550.7485835087,587550.7485836232,3177976.5371387536,327172.1567350283,2.360036090436512,3.343730173737549e-15,75.00139322207909,0.00772138097680618,68.0
566065.0091491452,587797.5539754124,587800.9814394149,587800.9872273431,587800.9873444043,587800.987344546,3177897.0081691425,327172.1485474318,2.6502363016599984,4.202717072232858e-15,84.22178013986561,0.008670835049725014,69.0
564571.4890950577,588078.0054638288,588081.8494502094,588081.8562524787,588081.8563918999,588081.8563920753,3177807.7468841863,327172.13935763866,2.9731962683972286,5.275396801708031e-15,94.48246134719868,0.009727469838616694,70.0
562896.8436610934,588392.4611694969,588396.7825620814,588396.79056167,588396.7907277506,588396.7907279676,3177707.6624956573,327172.12905325857,3.3321388491731767,6.612902763026583e-15,105.88563153517066,0.010901829615850631,71.0
561021.0373285731,588744.6813385012,588749.5495213735,588749.5589329965,588749.5591308322,588749.5591311003,3177595.5583891384,327172.1175109805,3.730516735281896,8.278917316015635e-15,118.54073408528103,0.01220521059692328,72.0
558922.1387062952,589138.7818193797,589144.2758124054,589144.2868878099,589144.2871234351,589144.2871237659,3177470.1248859507,327172.1045958209,4.172008673388758,1.0351028984675723e-14,132.56432920457848,0.013649648580646188,73.0
556576.2060842267,589579.2554822983,589585.4652203822,589585.4782544875,589585.4785350407,589585.4785354491,3177329.9324631514,327172.09016041824,4.660511678327731,1.29250673194409e-14,148.0798325614478,0.015247893470155227,74.0
553957.1681810005,590070.9945262328,590078.0223074888,590078.037645533,590078.0379794531,590078.0379799564,3177173.424700237,327172.07404429774,5.200124863783586,1.6118541209399785e-14,165.2169852233615,0.01701335636973397,75.0
551036.7317006367,590619.3077411599,590627.2698535055,590627.2878992974,590627.2882965517,590627.2882971712,3176998.912839836,327172.05607330083,5.795124807866317,2.0075533941878215e-14,184.11105214362453,0.018960028985910156,76.0
547784.2898751214,591229.9375633107,591238.9661240107,591238.9873495251,591238.9878218764,591238.9878226385,3176804.5704272045,327172.03605901956,6.449929734463534,2.4972458430888608e-14,204.9016625937808,0.02110236643662046,77.0
544166.8631998376,591909.0710679407,591919.3160943874,591919.3410508623,591919.3416121823,591919.3416131188,3176588.429890036,327172.01379843,7.169050130126994,3.10250782946522e-14,227.73121696663068,0.023455125680955452,78.0
540149.0655549964,592663.3461668073,592674.9779151859,592675.0072460049,592675.0079126388,592675.0079137884,3176348.3806593763,327171.98907367996,7.957023628111278,3.849690792330638e-14,252.74279116019656,0.026033152475154364,79.0
535693.1143002283,593499.8495254145,593513.0611204845,593513.095576048,593513.096367242,593513.0963686518,3176082.1699358914,327171.9616521481,8.818329963930212,4.770948633652543e-14,280.0774056705016,0.02885110312794964,80.0
530758.8864471986,594426.1057888597,594441.1161900985,594441.1566450475,594441.157583447,594441.1575851743,3175787.406237515,327171.9312867851,9.757284467034308,5.905459625180088e-14,309.8706112948449,0.03192309603194164,81.0
525304.0435232208,595450.0538672076,595467.1112128474,595467.1586860032,595467.1597982349,595467.159800349,3175461.5670760567,327171.89771687705,10.777905062715805,7.300907689797982e-14,342.24823300248494,0.035262276527810665,82.0
519284.23082354304,596580.009206761,596599.3945798344,596599.4502572406,596599.451574592,596599.4515771773,3175102.0110998484,327171.860669266,11.883749957917749,9.015260354905388e-14,377.32118390792385,0.03888028585460262,83.0
512653.3737267323,597824.6077749399,597846.6394468267,597846.7047083924,597846.7062676039,597846.7062707621,3174705.996057515,327171.81986016745,13.07772241760273,1.111890326903885e-13,415.17923773939174,0.04278662242993194,84.0
505364.0863275765,599192.7288863013,599217.7670970809,599217.8435473684,599217.8453915565,599217.8453954111,3174270.703486859,327171.7749976771,14.361839234498389,1.3697201411326313e-13,455.88365530256374,0.04698788434582118,85.0
497368.21479276725,600693.3926478351,600721.8449916798,600721.9344954795,600721.9366752135,600721.9366799138,3173793.2714583706,327171.72578510665,15.736960580844283,1.6853567227270278e-13,499.458596046892,0.05148688551847018,86.0
488617.5343844097,602335.628453087,602367.9559433111,602368.0606667286,602368.0632412859,602368.0632470122,3173270.836490093,327171.6719252642,17.202479514439837,2.071313260517391e-13,545.8812655849019,0.05628163983999388,87.0
479064.6223966956,604128.3103296829,604165.0342282275,604165.156686121,604165.1597249465,604165.1597319169,3172700.5859433007,327171.61312581616,18.755971518666655,2.5427138668615326e-13,595.0708182720956,0.061364214575040335,88.0
468663.9278599504,606079.9552052718,606121.664710389,606121.807821116,606121.8114055237,606121.8114140009,3172079.8221169207,327171.54910585954,20.392806520837144,3.117817803998073e-13,646.8761008108188,0.06671946100038362,89.0
457373.0561903536,608198.4806567336,608245.8415531353,608246.0087017072,608246.012926858,608246.0129371593,3171406.039091401,327171.4796038166,22.105729262116853,3.8186448210069873e-13,701.0624328039689,0.07232364150408155,90.0
445154.28464208316,610490.9191403923,610544.6835276046,610544.8786385034,610544.8836157067,610544.8836282139,3170677.0132237645,327171.40438674897,23.8844180013269,4.67172082668129e-13,757.2977513103509,0.0781429858045427,91.0
431976.30848324246,612963.088697796,613024.1059218998,613024.3335429591,613024.3394023455,613024.3394175186,3169890.9072422846,327171.32326109277,25.715037608432766,5.708961559613098e-13,815.1386389436442,0.08413222882059715,92.0
417816.23587010504,615619.2167285177,615688.4456536848,615688.711052659,615688.7179462853,615688.7179646782,3169046.3889376624,327171.2360849232,27.579806647831887,6.96873523687648e-13,874.0168666491059,0.09023319431954341,93.0
402661.77891907666,618461.5266762817,618540.0494438005,618540.3587193984,618540.3668248457,618540.3668471241,3168142.761261293,327171.14278142963,29.456612188276363,8.497108450145165e-13,933.2275267556895,0.09637353472107767,94.0
386513.6624119842,621489.7835509711,621578.8210054172,621579.181215006,621579.1907395574,621579.1907665216,3167180.10504401,327171.04335373035,31.31870827529042,1.0349337041494922e-12,991.9198976517702,0.10246574462917875,95.0
369388.1206864735,624700.8226443748,624801.7515586272,624802.1708645658,624802.1820500323,624802.1820826433,3166159.42652871,327170.93790023244,33.13454221815178,1.2591631529619276e-12,1049.0924318771479,0.10840659254407567,96.0
351319.47068929474,628088.0636162336,628202.4359247293,628202.9237621156,628202.9368904184,628202.9369298293,3165082.8089526924,327170.8266304649,34.86777052894229,1.5303248066909162e-12,1103.5938108766256,0.1140771730671541,97.0
332362.60037936247,631641.0402067022,631770.6044189039,631771.1716874144,631771.1870870241,631771.1871346177,3163953.558557073,327170.70988039376,36.477523434545354,1.8578963739024863e-12,1154.131900780788,0.11934377236758903,98.0
312595.2297064631,635344.9724082743,635491.6973842555,635492.3566670457,635492.3747203973,635492.3747778302,3162776.336522298,327170.5881263413,37.918984366041315,2.2532006830685924e-12,1199.2926645787445,0.12405976416191278,99.0
292119.7737796917,639180.4131278591,639346.514410408,639347.2802234495,639347.3013754643,639347.3014447194,3161557.266718272,327170.46199646336,39.14435313578699,2.729751928886773e-12,1237.5711410743356,0.1280687609998814,100.0
271064.5738123875,643123.0134561948,643310.9823385673,643311.87141391,643311.8961817672,643311.8962652157,3160304.005436405,327170.33227833797,40.104246692964786,3.3036647088744823e-12,1267.4161145878634,0.13120919716309726,101.0
249584.25801670284,647143.4513089948,647356.0868160505,647357.1184228074,647357.14740712,647357.1475075944,3159025.759135269,327170.1999212039,40.74957719511092,3.9941367668039325e-12,1287.2896403322654,0.13332047317628973,102.0
227858.97476017836,651207.5719707343,651448.0159229193,651449.2122300088,651449.2461275738,651449.2462484542,3157733.2351408023,327170.0660312601,41.03391218589556,4.824018287027448e-12,1295.7414827725158,0.1342506775938038,103.0
206092.25106219394,655276.787072317,655548.5623927385,655549.9488776642,655549.9884959719,655549.9886412867,3156438.5109627494,327169.93185850343,40.91627907227042,5.820482716090945e-12,1291.4971898901356,0.13386576235978223,104.0
184507.26558985055,659308.7717690516,659615.8241885898,659617.4300968198,659617.476370517,659617.4765450611,3155154.8100944487,327169.798773805,40.364308357167,7.015816303609943e-12,1273.5564166925103,0.13205982642858144,105.0
163341.3939694841,663258.4869832892,663605.2302991438,663607.0891589862,663607.1431685118,663607.1433779852,3153896.176267983,327169.6682353449,39.35754592125379,8.448346855405274e-12,1241.2961358833388,0.12876595241613956,106.0
142839.00955677882,667079.5300016102,667470.8950553071,667473.0452535732,667473.1082462014,667473.1084973693,3152677.045543289,327169.5417442983,37.89067674007179,1.0163534627453844e-11,1194.5706679852535,0.12396675345430631,107.0
123242.66731845282,670725.7895114485,671167.2770802596,671169.7625045719,671169.8359181244,671169.8362190055,3151511.724090655,327169.42079055344,35.97632933895457,1.2215252769062278e-11,1133.7982370146194,0.11770354831995962,108.0
104782.99344247267,674153.3444448556,674651.0822909955,674653.9530453796,674654.038534905,674654.0388949882,3150413.7909334768,327169.30679044494,33.64707031921275,1.466728767686777e-11,1060.0219435815632,0.11008288671866191,109.0
87667.83186632866,677322.5029291649,677883.3073251082,677886.6205264793,677886.7199942331,677886.7204247303,3149395.458225542,327169.2010198915,30.956179383003832,1.7595095956487084e-11,974.9325075284744,0.101279084753658,110.0
72071.3885778258,680199.841883832,680831.2840385155,680835.1047030622,680835.2203321857,680835.2208463231,3148466.932656173,327169.1045474988,27.976821921769215,2.1087858318938565e-11,880.840987015007,0.09153151776230069,111.0
58124.308029239124,682760.0713053357,683470.5492486667,683474.9512788452,683475.0855712049,683475.0861845609,3147635.8327941117,327169.0181733802,24.79934963385371,2.5250878298828938e-11,780.5932153750748,0.08113578871046294,112.0
45905.70752388873,684987.5299752434,685786.3466138123,685791.4138987558,685791.5697174888,685791.570448386,3146906.7224411317,327168.9423800115,21.526643563496343,3.020838021434999e-11,677.4233934156076,0.07042849207660581,113.0
35438.17997833699,686877.1221594122,687774.5703861115,687780.3980307415,687780.5786481616,687780.5795181184,3146280.819102413,327168.8773013489,18.267682874453545,3.6106769142948954e-11,574.7526023733883,0.05976617296932045,114.0
26686.5826325048,688434.541120476,689441.9970161483,689448.6927168323,689448.9018684522,689448.9029027072,3145755.925356714,327168.8227152454,15.12981483256864,4.3118426562783075e-11,475.94704659102706,0.049500037066711404,115.0
19561.11205827233,689675.6849330805,690805.710253771,690813.3958414659,690813.6377870236,690813.6390151436,3145326.6123528453,327168.7780622559,12.210526338243348,5.144612542558629e-11,384.06093442512145,0.03994902981580068,116.0
13924.659057207107,690625.265526323,691891.7207431275,691900.5339172732,691900.8135097662,691900.8149663503,3144984.6549549177,327168.7424907956,9.589725660071627,6.1328163051938e-11,301.5954004615269,0.03137458485037349,117.0
9603.888518715752,691314.7151403168,692732.8843611872,692742.9806405695,692743.3034044335,692743.3051299293,3144719.685908739,327168.7149252433,7.323638823516654,7.304432517020599e-11,230.3079118079834,0.023960655024665642,118.0
6402.9069759754275,691779.6041203957,693366.3331744077,693377.8880929671,693378.2603126384,693378.2623542888,3144520.0021607117,327168.6941499899,5.441280021064594,8.692281259826674e-11,171.10213863595075,0.01780216478996133,119.0
4117.9736435310415,692056.8606493744,693830.7095448124,693843.9211224015,693844.3499426156,693844.3523555587,3144373.432477022,327168.67889992654,3.9441186470646064,1.0334828154974478e-10,124.01781888367165,0.012903920871846929,120.0
2551.505446320424,692182.1217885492,694163.532629985,694178.6241494729,694179.1176887519,694179.1205372936,3144268.1633155947,327168.6679465997,2.8090218137365555,1.2277117070815578e-10,88.3231785899088,0.009190239250331304,121.0
1523.750551393488,692187.5219524088,694399.0032792209,694416.2264028431,694416.7938817263,694416.7972408147,3144193.4270856297,327168.66017002234,1.993947237701909,1.4571851361228248e-10,62.6935579873789,0.006523570462086506,122.0
880.9288207588933,692100.1452161339,694566.4736370114,694586.1118966902,694586.7637823806,694586.7677393098,3144139.981815638,327168.6546087336,1.4453320797335927,1.7280646131860385e-10,45.443263788911366,0.004728673519892824,123.0
499.2936714731555,691941.2443780833,694689.6843539745,694712.057052904,694712.8052221471,694712.8098785256,3144100.3498994326,327168.6504847428,1.105827061132896,2.047547722722297e-10,34.768312498362,0.0036179194726035876,124.0
285.2932263140427,691726.1934905419,694786.7361777223,694812.2027440245,694813.0606662302,694813.0661402508,3144068.8262925544,327168.6472044434,0.9210519075556683,2.4240356129596573e-10,28.958505899430687,0.003013393066000601,125.0
172.6314585087708,691465.0232351307,694870.6454448445,694899.6102829553,694900.5932258072,694900.5996548616,3144041.3033611095,327168.64434042125,0.8443994185450345,2.8673264063016964e-10,26.548266484396937,0.002762610130472189,126.0
117.40380202971016,691163.3180494992,694950.2625685709,694983.180459621,694984.305719698,694984.3132633864,3144014.9817377976,327168.64160138305,0.8394763709427532,3.3888383330788785e-10,26.39326287058893,0.002746503439377993,127.0
92.53992910719356,690823.2428207541,695031.3215604565,695068.7036697693,695069.9908310409,695069.9996746305,3143988.0400446374,327168.6387977961,0.8803566697383161,4.0018669438046173e-10,27.678308406307927,0.002880250932948458,128.0
82.56790414897351,690444.5080190977,695117.4296559707,695159.8502129987,695161.3214364075,695161.3317948097,3143959.323470291,327168.63580948615,0.9502563392813671,4.721881353915003e-10,29.87567277570403,0.0031089407019200114,129.0
79.33092414681937,690025.1542101166,695210.8781458181,695258.9818696,695260.6622173492,695260.6743396838,3143928.0885619386,327168.6325590817,1.0394143009515926,5.566865226561864e-10,32.67843816414685,0.0034006375550468637,130.0
78.88409187648263,689562.1129230687,695313.2314967308,695367.7418478669,695369.6596464361,695369.6738212713,3143893.8177126325,327168.6289927104,1.1428780869268946,6.557708934612358e-10,35.93087351888705,0.003739138568056838,131.0
79.48770971709125,689051.5594429653,695425.7103963665,695487.4387449207,695489.6259912909,695489.6425526524,3143856.0984204905,327168.62506743445,1.2586500064241959,7.718660269860916e-10,39.570144984736984,0.004117907920429217,132.0
80.44675470465786,688489.1045652468,695549.4157940376,695619.2716017121,695621.7644177638,695621.7837520237,3143814.552513693,327168.6207438852,1.3863720825341683,9.077842085815681e-10,43.58496728269633,0.004535774420805317,133.0
81.51138655106195,687869.8789680036,695685.4475917522,695764.4497160775,695767.2888566412,695767.3114104082,3143768.7984665143,327168.61598234205,1.5265194167063898,1.0667846185594333e-09,47.99024112494852,0.004994292448340016,134.0
82.60126622233449,687188.554829723,695834.9626461497,695924.2518858932,695927.483306564,695927.5095957206,3143718.432759605,327168.6107407914,1.6799701165317174,1.2526415106490624e-09,52.81353021826062,0.005496334891117275,135.0
83.6932511569606,686439.3349463851,695999.2022794214,696100.0552911722,696103.7307826034,696103.761402644,3143663.020785752,327168.6049739792,1.8478063408112386,1.4697221292153598e-09,58.08880463181726,0.0060454422278528605,136.0
84.78110075355409,685615.926555468,696179.50650251,696293.3512319752,696297.5291281121,696297.5647659671,3143602.0918876384,327168.59863289434,2.0312357396530105,1.7230762371029687e-09,63.85396920290139,0.0066455655043532605,137.0
85.86283816934403,684711.5082256553,696377.3232960645,696505.7560838973,696510.5020525216,696510.5435000713,3143535.1358984183,327168.59166440676,2.231566439107562,2.0185382002290358e-09,70.15007509426339,0.0073009844908837615,138.0
86.93731268421672,683718.6934412987,696594.2163840778,696739.0209177614,696744.4088423934,696744.4570119058,3143461.600101484,327168.5840109502,2.4502023070157994,2.3628440420376096e-09,77.02116864584232,0.008016292193267225,139.0
88.00338878838505,682629.4920434642,696831.8727365049,696995.0410466864,697001.1540103608,697001.2099521211,3143380.8862122414,327168.5756102058,2.6886445165831514,2.7637650010059136e-09,84.5143378324683,0.008796399968127,140.0
89.05978238808156,681435.2704511199,697092.1100504891,697275.8657454032,697282.7971267157,697282.8620491296,3143292.347305128,327168.5663947809,2.9484946586442704,3.2302595514909313e-09,92.67980696586582,0.009646547704913149,141.0
90.10502729430723,680126.7105311711,697376.8843243576,697583.7083018626,697591.5629961478,697591.6382886659,3143195.284635461,327168.55629187543,3.231457832945863,3.772648319146826e-09,101.57103023013764,0.010572313939229704,142.0
91.13746320570453,678693.767441951,697688.2974616557,697920.9563545445,697929.8521340145,697929.9393932575,3143088.944370886,327168.5452229397,3.5393451933386326,4.4028095648343265e-09,111.24476747494893,0.011579624179464046,143.0
92.15522595056375,677125.6268057759,698028.6048095071,698290.1824420975,698300.2514700844,698300.3525296004,3142972.5142556345,327168.5331033235,3.87407593977915,5.134413753521068e-09,121.76114196864935,0.012674757423484239,144.0
93.15623654067325,675410.6600138491,698400.2227813363,698694.1550770559,698705.545600072,698705.6625643767,3142845.120109004,327168.5198419078,4.237677679397233,5.9831563024086e-09,133.18364615288445,0.013864347339354835,145.0
94.13818984068638,673536.3841194888,698805.7353864068,699135.8487635121,699148.7269844204,699148.8622675148,3142705.822657655,327168.50534077146,4.632287242625069,6.967099231708667e-09,145.5791608962058,0.015155384934787675,146.0
95.09854186373252,671489.418537654,699247.9009898428,699618.4548887704,699633.0070556075,699633.1634249141,3142553.6140914126,327168.48949482694,5.060147587242458,8.106939242717686e-09,159.01785088124728,0.01655520842739008,147.0
96.0344964844052,669255.4444289495,699729.658160896,700145.3920676295,700161.8267988318,700162.0074252179,3142387.414791864,327168.4721914744,5.523605330433351,9.42643569721421e-09,173.5730787463102,0.018071495169465636,148.0
96.94299185236015,666819.1673974249,700254.1304752327,700720.3157914646,700738.8666576622,700739.0751722095,3142206.070280374,327168.453310277,6.025104808022454,1.0952816596835721e-08,189.32120901843626,0.0197122422107302,149.0
97.82068624942673,664164.2830812719,700824.6302036496,701347.1275220761,701368.055915905,701368.2964744119,3142008.3483409826,327168.432722654,6.567180077238558,1.2717270346262432e-08,206.3413462774213,0.02148574013277577,150.0
98.66394413892944,661273.447240366,701444.6605064757,702029.9828607269,702053.5811871481,702053.8585434174,3141792.936434667,327168.4102916025,7.152444003758341,1.4755494319913888e-08,224.71498049252446,0.02340053734409321,151.0
99.46882173259853,658128.2512375376,702117.9157305888,702773.2986352153,702799.8938685886,702800.2134579794,3141558.439454026,327168.38587145315,7.783573846732871,1.7108322633404227e-08,244.5255210731729,0.025465392917468507,152.0
100.23105460003467,654709.2075547363,702848.2791988599,703581.7577075972,703611.7153307332,703612.083364648,3141303.378196532,327168.3593077001,8.4632930698031,1.9822426649216122e-08,265.8577111083978,0.02768921707987709,153.0
100.94604281388833,650995.7434658934,703639.8183223375,704460.3120959427,704494.0404778513,704494.4640510158,3141026.18836744,327168.3304368841,9.194348484172805,2.2951118712137447e-08,288.79689373763256,0.030080996430217125,154.0
101.60884619430566,646966.2053765801,704496.7764187859,705414.1838331994,705452.1391051552,705452.6263176989,3140725.2202932965,327168.299086547,9.97948224855812,2.6555255304012497e-08,313.4281158351575,0.0326497023302515,155.0
102.2141666653624,642597.8795438631,705423.5602737569,706448.8621515782,706491.5536181761,706492.1137139788,3140398.739790887,327168.2650753068,10.821398198567318,3.070424509166667e-08,339.8350526555618,0.0354041807431432,156.0
102.75635002822179,637867.0401685294,706424.7214880424,707570.0942809875,707618.0903645462,707618.7338864233,3140044.931046914,327168.2282131402,11.72272152418331,3.547722683229906e-08,368.0987230008636,0.03835302030903096,157.0
103.22937602649297,632748.9803405236,707504.9376013178,708783.8813117394,708837.8163166109,708838.5552865535,3139661.897882289,327168.18830148975,12.685951038878573,4.0964339009971676e-08,398.2959711516729,0.041504396182713045,158.0
103.62686503871475,627218.1188551217,708668.9793184018,710096.4555052673,710157.0369679413,710157.8850871659,3139247.6708689765,327168.1451339872,13.713404066148279,4.7268194872235307e-08,430.4977177434114,0.044865889717946104,159.0
103.94208136024308,621248.0957315791,709921.6759025368,711514.2613737559,711582.2783051362,711583.2511829521,3138800.2132318104,327168.0984970419,14.807151578848579,5.450554165578435e-08,464.7669053304566,0.04844427626209362,160.0
104.16794481357546,614811.9154305483,711267.8697056537,713043.925642449,713120.2576636905,713121.3730764472,3138317.4302382125,327168.04817079357,15.968945459427347,6.280910319752175e-08,501.1561987784421,0.052245287173067013,161.0
104.29705441718826,607882.1214121478,712712.3618982139,714692.22033167,714777.8478210677,714779.126005623,3137797.180727638,327167.99393028545,17.200134849080623,7.232967266235897e-08,539.7053463758037,0.05627333613904101,162.0
104.32171215954783,600431.0112216361,714259.8474778977,716466.0167742418,716562.0321320719,716563.4961182073,3137237.2914618175,327167.93554693164,18.501572610892943,8.323846566812357e-08,580.4382354558193,0.06053121315477498,163.0
104.2339636726498,592430.8965052142,715914.8383203241,718372.2295939962,718479.8497497723,718481.5257367358,3136635.574591303,327167.87279030704,19.873511983023608,9.572974852911267e-08,623.359646780184,0.0650197464035851,164.0
104.02564722581843,583854.4117966874,717681.5733091806,720417.7497713505,720538.330066263,720540.2478491163,3135989.8485011905,327167.8054302911,21.315491760543658,1.1002382129725862e-07,668.4516577687568,0.06973742660964521,165.0
103.68845627406598,574674.877156153,719563.9141785672,722609.3656575229,722744.4152519918,722746.6087042814,3135297.962378553,327167.73323960043,22.82621348124632,1.2637032898161424e-07,715.6698061656945,0.07468000523102568,166.0
103.21401705918838,564866.721563803,721565.2251883424,724953.6703995047,725104.8693810276,725107.3770015116,3134557.8249639375,327167.6559967595,24.403409585571527,1.4505198662344785e-07,764.9389847225319,0.07984006312440288,167.0
102.59398140475544,554405.9626762362,723688.2378984075,727456.9567230338,727626.1750748984,727629.040605805,3133767.437174292,327167.57348948007,26.043704144240344,1.6638877338845812e-07,816.1491199062156,0.0852065548954903,168.0
101.82013731631496,543270.7530106476,725934.8981588974,730125.0968663965,730314.4155051579,730317.6886315694,3132924.929260721,327167.48551851907,27.742469437355265,1.9074262503806952e-07,869.1507409954396,0.09076433967893888,169.0
100.88453852187587,531441.9919156779,728306.1950199045,732963.4079128724,733175.1420409365,733178.8791826078,3132028.6023910022,327167.39190200553,29.493682697530392,2.1852266136856804e-07,923.7505779850981,0.09649371245736325,170.0
99.77965586587626,518904.0104846247,730801.9718714512,735976.5003406382,736213.2252341477,736217.4904379897,3131076.9753293195,327167.2924803131,31.289785158119898,2.5019110108293285e-07,979.7072587159029,0.10236994292472773,171.0
98.49854299990999,505645.29327635845,733420.7232719355,739168.1194190474,739432.6991138125,739437.5650656329,3130068.833119641,327167.1871211504,33.12155128310052,2.862697650083937e-07,1036.7273537580681,0.10836284766380927,172.0
97.0350296613686,491659.28667712177,736159.3722777766,742540.9662290723,742836.5851545832,742842.1343182938,3129003.2819340806,327167.07572531526,34.9779732064889,3.2734749212696e-07,1094.4619295850612,0.11443641208765401,173.0
95.38393292113625,476945.2500419355,739013.0319014261,746096.5101366028,746426.7082097488,746433.0341165918,3127879.806277027,327166.9582327128,36.84617088050112,3.740883413126884e-07,1152.5039383575208,0.1205484964949631,174.0
93.54128284500787,461509.11909668427,741974.7636976611,749834.7982682699,750203.5095495065,750210.7182474005,3126698.3268491947,327166.8346284668,38.7113357138883,4.272407535619346e-07,1210.3866860671203,0.12665065169752757,175.0
91.50456863130636,445364.41506367247,745035.3205460162,753754.2555019148,754165.8509240034,754174.0626127644,3125459.2609877894,327166.7049493235,40.556720590756555,4.8764780423369e-07,1267.5837796567425,0.13268808639228202,176.0
89.27299653805964,428533.1444785407,748182.8893601793,757851.4869510652,758310.8214372024,758320.172309999,3124163.58192982,327166.56928996375,42.36368680763595,5.562587218243972e-07,1323.51087520697,0.1385998207532875,177.0
86.84775309859982,411046.6596743796,751402.8403472253,762121.0899810757,762633.5543098398,762644.198623202,3122812.8747043954,327166.42780898977,44.1118251897951,6.341416233180349e-07,1377.5297562940182,0.14431908271479876,178.0
84.23226366904156,392946.45062357234,754677.4898232716,766555.4824668943,767127.0602661286,767139.1726636918,3121409.3865301413,327166.2807343678,45.779157995818075,7.224977111225457e-07,1428.9549347559291,0.14977396856642794,179.0
81.43245232006711,374284.846142958,757985.8810184521,771144.7525112128,771782.0828645768,771795.8609859252,3119956.070048851,327166.12836815126,47.34244237144723,8.226773298757905e-07,1477.063404477347,0.15488843578158706,180.0
78.45697212887785,355125.55734397034,761303.5997904285,775876.5448479245,776586.9909296473,776602.6583341485,3118456.614712502,327165.9710899889,48.77758517032359,9.361976356989786e-07,1521.1078312409804,0.1595836601967356,181.0
75.31740252216694,335543.99328755983,764602.643793979,780735.9995855425,781527.7236086426,781545.5330408708,3116915.4615314733,327165.8093589103,50.06017232304501,1.0647623887516148e-06,1560.3332512062893,0.16377976794715543,182.0
72.02840845395,315627.371553891,767851.33521616,785705.7391075033,786587.7843247638,786608.0213695548,3115337.8023980013,327165.64371350995,51.166132386224845,1.210283959849087e-06,1593.997864253069,0.1673980063846992,183.0
68.60783047606519,295474.48630269826,771014.3149953441,790765.9335225655,791748.3136002594,791771.3007602408,3113729.554761272,327165.47476954904,52.07252060316299,1.374907920279791e-06,1621.3974639298388,0.17036330925580945,184.0
65.07669577979841,275195.1066887789,774052.6246346522,795894.4509923345,796988.2471711213,797014.348405634,3112097.30979383,327165.3032147656,52.75842184650997,1.5610406105896231e-06,1641.893426974917,0.1726072508054595,185.0
61.45913286559491,254908.9672332238,776923.8843305872,801067.1018556772,802284.5684440146,802314.1942170775,3110448.251367075,327165.1298005961,53.20595598789125,1.7713788618742275e-06,1654.9437276484991,0.17407133496943245,186.0
57.78218015187201,234744.3141234098,779582.5767904278,806257.9846355873,807612.6634162804,807646.2763057648,3108790.043475814,327164.95533054235,53.40135673495553,2.0089445335318588e-06,1660.1360612572987,0.17471052490782082,187.0
54.07546699303003,214835.96342933064,781980.4496159925,811439.943474386,812946.7875097104,812984.9084285875,3107130.6833609142,327164.78064487514,53.336083058563986,2.2771216530495314e-06,1657.2218020155042,0.1744968791431193,188.0
50.37076302464246,195322.88139127762,784067.0346346865,816585.1344318673,818260.6418298002,818303.85691645,3105478.3212741194,327164.60660175525,53.00791133984657,2.5796981581975814e-06,1646.149195219141,0.17342312460281625,189.0
46.701390831760364,176345.3001523686,785790.2820316342,821665.6972402977,823528.0555558398,823577.0237995019,3103841.0480529875,327164.43405488,52.421940306229054,2.9209120891844613e-06,1627.0937014105716,0.1715059443234613,190.0
43.10150723750824,158041.4284123027,787097.2969087946,826654.5183128433,828723.7603041009,828779.2219763749,3102226.6550222766,327164.2638281171,51.59143203773566,3.3055026884321803e-06,1600.4831563823382,0.16878872882464124,191.0
39.605258019810705,140543.8163924339,787935.1654431866,831526.0708329815,833824.2425027628,833887.0284819388,3100642.3706271574,327164.0966875836,50.538407147409835,3.7387670695296056e-06,1567.0152654526532,0.16534352322411658,192.0
36.24584804530001,123975.57245602454,788251.8272532731,836257.2855804057,838808.6272239814,838879.6692861471,3099094.5882397364,327163.9333126926,49.29390876890779,4.226622625921339e-06,1527.6648589890542,0.16127189081192903,193.0
33.05453483302824,108446.4906714378,787996.9777278047,840828.4388833081,843659.5806986094,843739.9229035643,3097588.5890005236,327163.77426658437,47.897852315701115,4.775676125320848e-06,1483.6784077074808,0.15670442142868235,194.0
30.059608802420335,94049.36199984462,787122.9421775405,845223.9932091491,848364.1665252639,848454.9777971946,3096128.2797456,327163.61996806756,46.3984012552139,5.393299704604431e-06,1436.5540226125152,0.1517986891538671,195.0
27.28540483858146,80856.63583769179,785585.4806047624,849433.3518286033,852914.6178011226,853017.2058544665,3094715.95748391,327163.47066630766,44.85082480918209,6.087714735710139e-06,1388.0056324329107,0.1467355150681855,196.0
24.75140158913807,68917.6807467682,783344.4674711667,853451.4690517568,857308.9667190394,857424.7934862456,3093352.1182849137,327163.3264201729,43.31583537814822,6.868083963911257e-06,1339.9113112227542,0.1417135278898358,197.0
22.471481708534746,58256.84967034351,780364.399608801,857279.2677613989,861551.4837517283,861682.1824993632,3092035.325129922,327163.18708380125,41.857448114343214,7.744612887918518e-06,1294.2470818934207,0.13694216128283374,198.0
20.453399682417977,48872.538936553865,776614.6898760529,860923.8194822175,865652.8820127787,865800.2763614557,3090762.148206179,327163.05229984625,40.54044600370366,8.72866125167727e-06,1253.0087597964373,0.13263336056168792,199.0
18.698515227002048,40737.377779899325,772069.7167541557,864398.2543417519,869630.2544255353,869796.3795149795,3089527.187415924,327162.9215014536,39.427595651409575,9.832865413323712e-06,1218.1262869947175,0.12899247381093165,200.0
17.20182649356268,33799.6194879592,766708.6171160523,867721.3828158022,873506.7260932783,873693.8521813193,3088323.182379873,327162.79392354644,38.57679357649132,1.1071272940088597e-05,1191.3760590416111,0.1262089156709682,201.0
15.952317308291304,27985.703722870505,760514.8325996558,870917.0351629234,877310.8278133342,877521.4866132104,3087141.2079547183,327162.6686232227,38.0383610884815,1.245949035328835e-05,1174.2979199931253,0.12444731723761362,202.0
14.933610306702793,23203.880896101713,753475.441472453,874013.1414507667,881075.6141311927,881312.6282487564,3085970.9479985046,327162.54450849857,37.852711431831864,1.4014845584201954e-05,1168.1236778160403,0.12383989388584045,203.0
14.124885843856019,19348.671640605055,745580.3349541537,877040.6028809468,884837.5766370657,885104.0924931058,3084801.031698238,327162.4203737358,38.04859600039104,1.5756566518241355e-05,1173.7234819667576,0.12448070759310376,204.0
13.502010591932414,16305.87483839591,736821.3135728948,880032.0179612711,888635.4162943766,888934.9409674241,3083619.4127885923,327162.29493966594,38.642101001153144,1.7705977258383914e-05,1191.5753279809335,0.12642238444827625,205.0
13.038783641797849,13957.754405255842,727191.1980779895,883020.3467364549,892508.7579914182,892845.2004503745,3082413.766010458,327162.1668952878,39.636480489109815,1.9886713907478136e-05,1221.7603309583703,0.12967556844919964,206.0
12.70821303351616,12188.03962016958,716683.0506067019,886037.5945056009,896496.888808475,896874.6060539326,3081171.875684519,327162.03493896814,41.02283788994507,2.2324961826630574e-05,1263.9841436726401,0.13421115123045838,207.0
12.483717160400657,10886.36476307449,705289.6020491634,889113.5992879566,900637.6041298648,901061.4527992334,3079881.9904608354,327161.8978159941,42.78155541864744,2.5049716053956262e-05,1317.6214205779445,0.13996494862284825,208.0
12.340165989521044,9951.861862952235,693002.9619578454,892274.986533494,904966.2250959552,905441.6191422669,3078533.1246623946,327161.7543504967,44.88428247203983,2.809306800838764e-05,1381.7775036687833,0.14684420596315798,209.0
12.254692651987469,9295.701496835141,679814.6661382929,895544.3364742787,909514.832782416,910047.807894479,3077115.2922257297,327161.60347025696,47.29624851605713,3.149051933490224e-05,1455.3600957366789,0.15473516502641013,210.0
12.207233977841724,8842.499919773574,665716.086263046,898939.5816403938,914311.7364955547,914909.0219825892,3075619.667876722,327161.44422382605,49.978600486187936,3.528132675377457e-05,1537.1516662827273,0.1635107111534686,211.0
12.180794902645205,8530.636860361757,650699.1915948095,902473.6242854756,919381.1658081436,920050.2647289333,3074038.6787524596,327161.2757902941,52.890509628298645,3.950887991916963e-05,1625.8747233631943,0.17303726607193018,212.0
12.16145806642589,8311.633686653653,634757.6302833416,906154.138145543,924743.1510168887,925492.4294469174,3072366.03734206,327161.09748286044,55.990831723465845,4.422111523166263e-05,1720.2432978971087,0.18318021955627245,213.0
12.138188817017282,8148.824137382992,617888.0656556331,909983.5042196916,930413.5412177527,931252.327588677,3070596.7314123926,327160.9087478667,59.239201768303296,4.947096990169721e-05,1818.9969932123133,0.1938075108401634,214.0
12.102499306353748,8015.585005668148,600091.6965089785,913958.821203117,936404.1005582465,937342.79611243,3068726.989192797,327160.70916123077,62.596521590379496,5.5316877007234796e-05,1920.916352339872,0.2047912239453485,215.0
12.048040642351351,7893.394156689988,581375.8826745828,918071.9336985433,942722.6254329752,943772.8269315272,3066754.237388427,327160.4984241529,66.02493943477234,6.182331052117231e-05,2024.822627849023,0.21600752093904627,216.0
11.97018518140045,7769.940120190579,561755.8005176072,922309.4335853759,949373.0372844074,950547.6731919802,3064677.0658945516,327160.27635957376,69.48743843755864,6.906137982512244e-05,2129.565589473455,0.2273352956275055,217.0
11.865646510880008,7637.44411379026,541256.0623560904,926652.6064416907,956355.4218970648,957668.9033582626,3062495.2080531204,327160.0429103314,72.94722714623373,7.710948217137643e-05,2234.005335761033,0.23865417963351518,218.0
11.732168094079231,7491.2876939714315,519912.24143751926,931077.3132888575,963666.0041246961,965134.3921315549,3060209.539733966,327159.7981393784,76.367114698623,8.605401774539394e-05,2336.993729226841,0.24984249829288258,219.0
11.568293176781486,7328.972022125493,497772.2546538358,935553.8151046383,971297.064110656,972938.254372958,3057822.09526178,327159.54223185446,79.7090322276965,9.599017160029538e-05,2437.360399377837,0.2607757049535732,220.0
11.373213038303938,7149.382961633251,474897.55608798075,940046.5636844516,979236.8161688047,981070.7432722319,3055336.0935927224,327159.2754983191,82.93380991833324,0.0001070227737509987,2533.9066282264166,0.27132565167197215,221.0
11.146682598728596,6952.311828369624,451364.0773307756,944513.9965111323,987469.2836123804,989518.1458572875,3052755.9646089203,327158.9983780639,86.00128370100525,0.00011926723962637955,2625.409317822677,0.2813609383484859,222.0
10.888987027439564,6738.166405738992,427262.90947344265,948908.3546597896,995974.191384818,998262.6985130514,3050087.368611629,327158.71144175547,88.87076236016819,0.00013285060133918372,2710.635897136348,0.29074844098599084,223.0
10.60094079609683,6507.810697244166,402700.6042931252,953175.5875963757,1004726.929166029,1007282.5743117305,3047337.1933067366,327158.4153917207,91.50184106360611,0.00014791263808434425,2788.3696352916854,0.29935597327794455,224.0
10.283904248893286,6262.484135588414,377799.03739062254,957255.3793093972,1013698.6163821915,1016551.9735517523,3044513.5189899313,327158.1110588457,93.85553957783233,0.00016460711611521214,2857.444590768051,0.3070560104069236,225.0
9.939807005559604,6003.765066430895,352694.87071207014,961081.2872606986,1022856.2706210364,1026041.3212823605,3041625.5509208795,327157.7993959524,95.8957503269533,0.00018310313713457857,2916.7896441919047,0.31373042648389726,226.0
9.571164033896288,5733.549806385645,327538.3528691322,964581.1042811228,1032163.1600352956,1035717.648709811,3038683.496100868,327157.48146515636,97.59090382451048,0.00020358662475850425,2965.478688211071,0.31927594309135143,227.0
9.181080974569303,5454.036228909044,302491.57693024725,967677.397083358,1041579.3110448619,1045545.132992928,3035698.3925462086,327157.15842002246,98.91583120824711,0.00022626193674295855,3002.786297962479,0.323610222608447,228.0
8.773240761471508,5167.700972142479,277726.05839912745,970288.2770240994,1051062.2123690874,1055485.8354442574,3032681.8794379006,327156.83148121263,99.85372098527628,0.0002513536255739274,3028.245702264954,0.3266782696915206,229.0
8.351867535438023,4877.265732667577,253419.63109238617,972328.407769704,1060567.7165831944,1065500.6394316007,3029645.9083753703,327156.5019055848,100.39808296815427,0.0002791083557288977,3041.706412731996,0.32845885621888027,230.0
7.921665244383117,4585.65086425125,229752.71844235397,973710.233228069,1070051.122321024,1075550.3714455264,3026602.4012974333,327156.1709492783,100.5545900318154,0.00030979697934483774,3043.3876365177143,0.3289705464618319,231.0
7.4877282128395,4295.914684140542,206903.99169236107,974345.4277111606,1079468.4320226845,1085597.100572805,3023562.85690616,327155.83982494124,100.34266344569579,0.00034371678735060956,3033.9235015744125,0.3282768832984804,232.0
7.055423645196934,4011.1794104765168,185045.55106731504,974146.5258814016,1088777.7439974723,1095605.575879611,3020537.918261396,327155.5096544187,99.7966370790519,0.00038119393965406186,3014.395264122475,0.32649019665394285,233.0
6.630247707989825,3734.5450250506915,164337.79188853223,973028.6852362042,1097940.7284907138,1105544.751520692,3017536.9169056993,327155.1814185422,98.96633791893615,0.00042258608280117127,2986.3457820135422,0.3237735023619831,234.0
6.217658128518465,3468.9938548221394,144924.16246777336,970911.5169159439,1106924.123973043,1115389.336998607,3014567.41241908,327154.8559060597,97.91692509825539,0.00046828516309371543,2951.771715254806,0.3203399752128418,235.0
5.822890812954116,3217.2902154627013,126926.10345060437,967720.8940965419,1115701.1649636228,1125121.284458918,3011634.7537462977,327154.5336645836,96.72785363002197,0.0005187204441261333,2913.0896564745917,0.31644955846705936,236.0
5.450767965396604,2981.8799716665008,110438.45627670172,963390.647288462,1124252.8527288598,1134731.125792504,3008741.688178732,327154.21495640266,95.49088332732553,0.0005743617357268774,2873.074015079358,0.31240244970444625,237.0
5.105508422288196,2764.795847258291,95525.65121646102,957864.054348318,1132568.9714247726,1144219.061780737,3005888.0468674637,327153.8997223529,94.30709955913154,0.0006357228541692602,2834.7658329953338,0.3085293539227407,238.0
4.790553019604738,2567.5756470959545,82219.00676845654,951095.0060557887,1140648.7505642914,1153595.709836234,3003070.5341835776,327153.58755677234,93.28301881785139,0.0007033653109243565,2801.3548515158172,0.30517874264385986,239.0
4.5084178541311655,2391.1993489734973,70515.40819540148,943048.7813384557,1148501.085913522,1162882.4174450543,3000282.6481274436,327153.27769660123,92.52594267576471,0.0007779022736248985,2776.039803117314,0.30270165418344264,240.0
4.260587860831158,2236.0513954336284,60377.56351373351,933702.3569523533,1156144.2583620306,1172111.0874235993,2997514.7471681633,327152.9690263505,92.13881949510238,0.0008600028037781142,2761.8747022323487,0.3014348836040573,241.0
4.047461957585003,2101.9127278942046,51735.94280071213,923044.2232947124,1163605.1153595136,1181323.4781902228,2994754.2737592845,327152.66010014224,92.21497479989488,0.0009503964116092152,2761.611898865899,0.3016837430685319,242.0
3.868356446780654,1987.9847673614481,44492.36273553659,911073.7212115993,1170917.7226203906,1190569.9885190781,2991986.1311026253,327152.3491804971,92.83312257676171,0.001049877966727962,2777.5541525662106,0.30370574132748634,243.0
3.7215701592453847,1892.9455228112542,38525.04835917753,897799.9562410744,1178121.5337165212,1199907.9750586331,2989193.19812861,327152.03429227544,94.05311181058076,0.0011593130006056873,2811.429220870177,0.3076966686035033,244.0
3.604508133127873,1815.034446754527,33694.84318451668,883240.398056191,1185259.1747873616,1209399.6998901407,2986356.95310725,327151.71328857885,95.91280236346206,0.0012796434606643632,2864.2986423012644,0.3137803761951547,245.0
3.5138555287212254,1752.1602080277742,29852.137619078425,867419.307443506,1192373.971618545,1219110.0355964017,2983458.1674201144,327151.3839244301,98.42641534034802,0.0014118939546702237,2936.5109273704575,0.32200337993315614,246.0
3.445787571860097,1702.0227849095793,26843.98489389042,850366.1635339899,1199507.3787729798,1229104.086865316,2980477.6216638475,327151.04393301735,101.58451537540984,0.001557178549011164,3027.7037478397606,0.3323348025249498,247.0
3.3961974988559653,1662.2398203433722,24520.857737144946,832114.2687365091,1206696.4762008048,1239444.893221331,2977396.794728648,327150.69109910773,105.35563082202687,0.001716708164881645,3136.855175161176,0.3446716743460854,248.0
3.360923749019019,1630.466781835931,22742.536900053357,812699.6949734184,1213971.6887602087,1250191.3672506814,2974198.4796841852,327150.3233245682,109.68931059612366,0.0018917986190760201,3262.3778081259743,0.3588489342677084,249.0
3.3359548794811484,1604.5012412880112,21382.718183236113,792160.6996643398,1221354.8579574067,1261396.595976917,2970867.2884406187,327149.9386818073,114.520228229005,0.0020838793615985734,3402.2439991030487,0.3746528564294556,250.0
3.317598896769618,1582.3640094544855,20332.091083832755,770537.6843852557,1228857.7457774407,1273106.5839995635,2967390.0219542915,327149.53545254923,119.7728468913115,0.0022945029404576895,3554.1275076633688,0.39183631220321863,251.0
3.3026044149706726,1562.3527451883112,19499.81222930845,747873.7058648178,1236481.0034304147,1285359.4689566065,2963755.897247095,327149.1121509297,125.36609262094176,0.0025253552413064674,3715.544963201417,0.41013405894772315,252.0
3.2882305827407277,1543.0674507758815,18813.489105893044,724215.4852735074,1244213.5797331226,1298185.1826266143,2959956.639659502,327148.6675317627,131.21754902717763,0.0027782665429039112,3883.9825548284066,0.42927646321024904,253.0
3.272267787090107,1523.4103300031977,18217.929251550584,699614.8078435545,1252032.5056633144,1311605.4919298282,2955986.460437711,327148.20058610704,137.24679299545517,0.0030552234369565496,4056.996618330628,0.4490004136467708,254.0
3.2530179211354406,1502.565502634106,17673.02515742112,674130.158196027,1259902.9611132366,1325634.3223924767,2951841.949194793,327147.7105273046,143.37770075554027,0.003358381671320987,4232.283116693018,0.46905686542844,255.0
3.2292458029616453,1479.9652818589739,17151.165261471007,647828.429514706,1267778.5231370144,1340278.2606767234,2947521.9123908496,327147.19677083916,149.53973418621104,0.0036900799932558874,4407.716432869601,0.48921504844875363,256.0
3.2001149187009643,1455.2501429281078,16634.54533449464,620786.5384129719,1275601.5057593049,1355537.1412034978,2943027.1864008536,327146.6589111016,155.66839668813583,0.004052855070639331,4581.363235166164,0.5092639587457163,257.0
3.165119543290639,1428.228421010135,16112.664133576402,593092.804881995,1283303.3292308042,1371404.649558794,2938360.4453542945,327146.0966972327,161.70515525685047,0.004449457582243204,4751.480320166045,0.5290121035809863,258.0
3.1240221260402086,1398.840193473833,15580.193266395203,564847.979976731,1290804.8891956576,1387868.9058964383,2933526.0148277036,327145.5100092174,167.5971689628204,0.004882869587658705,4916.506551639079,0.5482866131644287,259.0
3.0768019185663578,1367.1278556549594,15035.305202844413,536165.838485409,1298016.9286581886,1404913.023189704,2928529.693125753,327144.89883437107,173.29712272239396,0.005356323246706442,5075.057696257884,0.5669326968130517,260.0
3.023616172262683,1333.2139070309074,14478.449454727259,507173.27916867664,1304840.4477947657,1422515.66491409,2923378.57312503,327144.26324338146,178.76338626427966,0.005873321026947905,5225.930530642685,0.5848141629431979,261.0
2.9647733652409483,1297.2852634208314,13911.517580130827,478009.8985642776,1311167.1984788114,1440651.6388274408,2918080.8542857035,327143.6033646644,183.9606005724555,0.006437657416328344,5368.11906473382,0.6018153374840084,262.0
2.90071560217476,1259.5825243747227,13337.304940782478,448827.0146874949,1316880.3220980458,1459292.572638063,2912645.631906334,327142.9193554949,188.86071090182833,0.007053442267453494,5500.843246469352,0.6178444431597826,263.0
2.8320067103049587,1220.392414559074,12759.177456334532,419786.1321742187,1321855.182652352,1478407.7108499715,2907082.652825586,327142.21136858553,193.44436514456316,0.007725125777273728,5623.587581986181,0.6328381739018453,264.0
2.7593227896739627,1180.0417154654076,12180.864107761949,391056.8383404944,1325960.4432477073,1497964.867042984,2901402.028356267,327141.479512896,197.70254947914177,0.00845752513217408,5736.145780699872,0.6467670454007797,265.0
2.6834424867263884,1138.891448960235,11606.318695460897,362814.15815800027,1329059.4063752024,1517931.5397130733,2895613.903083697,327140.72380839696,201.63831475676136,0.009255852828764375,5838.667076040449,0.6596410423703228,266.0
2.605234830620254,1097.3303265582847,11039.611221772037,335235.36517779663,1331011.6462210144,1538276.204375479,2889728.0767130195,327139.9441341722,205.2684154810512,0.010125746650903635,5931.699034779871,0.6715149797298114,267.0
2.5256433636014837,1055.7669572980574,10484.828187710222,308496.30451677914,1331674.9256187826,1558969.761551591,2883753.585906538,327139.14017042826,208.6246747368764,0.011073301145198583,6016.221538810525,0.68249296711757,268.0
2.4456661860978763,1014.620691299786,9945.97236797953,282767.36448873417,1330907.345029886,1579987.0836764998,2877698.263414371,327138.3113362881,211.7549351673393,0.012105100660828927,6093.66809200475,0.6927315190776856,269.0
2.3663312498530487,974.3109347612098,9426.856322518961,258209.11797855087,1328569.7279550976,1601308.6462420283,2871568.2792079793,327137.4567233966,214.72339541625064,0.01322825377827822,6165.928910811374,0.7024406547548447,270.0
2.2886677415977763,935.2452590756724,8930.992708758175,234967.85169639313,1324528.146255611,1622922.146622454,2865367.6919052918,327136.5750284834,217.61017416331785,0.014450428966056781,6235.331624774547,0.7118824706713958,271.0
2.213673744515128,897.8066011084628,8461.483850949391,213171.14133556874,1318656.5190072102,1644824.037304142,2859098.031486268,327135.66448695626,220.50998038562983,0.015779891476021164,6304.596508436299,0.7213667895945871,272.0
2.1422816334599206,862.3400865357788,8020.9155268431305,192923.68790774813,1310839.1888484354,1667020.876386295,2852757.940771973,327134.7228104354,223.5297704519994,0.017225541331938894,6376.763276558778,0.7312434949669508,273.0
2.075322726372486,829.1400524800072,7611.260665530791,174303.6480362659,1300973.37058967,1689530.3907453287,2846342.90483323,327133.74713133165,226.78534950558915,0.01879695243725888,6455.088704853581,0.7418914117825207,274.0
2.0134924834849732,798.4380225521506,7233.798956430254,157359.69337657004,1288971.3637255577,1712382.1469996427,2839845.0970456307,327132.73395756586,230.39693436667886,0.02050441291110243,6542.91604435557,0.7537037903481352,275.0
1.9573189188845426,770.3923520027327,6889.058204079767,142109.02172491423,1274762.4251049657,1735617.7313909861,2833253.368365879,327131.67914031475,234.48376928748942,0.022358966845523565,6643.519291609072,0.7670706917816659,276.0
1.907135870233515,745.0802834478189,6576.78288344575,128536.5169299854,1258294.2092623678,1759290.350600542,2826553.402859265,327130.5778572914,239.15799334967514,0.02437245790286804,6759.9283992351775,0.7823589256366948,277.0
1.863063196280558,722.493150655405,6295.933918989875,116595.1943735515,1239533.7103734917,1783463.7926248633,2819728.0543633928,327129.42461320973,244.518029422846,0.02655757532124253,6894.743473612525,0.7998904227265151,278.0
1.8249960496942776,702.5352000500665,6044.722178975477,106207.99812812357,1218467.6719186998,1808210.7179145317,2812757.8700128454,327128.2132581252,250.64186243582563,0.02892790314969349,7049.948711210455,0.8199202462632045,279.0
1.7926040501630218,685.0263876545247,5820.675774934592,97270.91859464173,1195102.4745859408,1833610.2938881689,2805621.7939225226,327126.9370229577,257.58060805596915,0.0314979737089102,7226.737676536424,0.8426155534986017,280.0
1.7653414748565714,669.7092602656435,5620.739630722868,89657.333646778,1169463.5486463725,1859745.2106757062,2798298.03718662,327125.5885706482,265.35283926810627,0.034283326581393464,7425.363292858385,0.8680370372447188,281.0
1.7424681269185767,656.2596146461306,5441.401903601855,83223.31852188378,1141594.4162970397,1886698.1958931356,2790765.07741453,327124.16005924204,273.94007590721606,0.03730057448272702,7645.02397146144,0.8961241723771307,282.0
1.7230800180332024,644.3004511136143,5278.841046815449,77813.65018419763,1111555.4933677248,1914548.1439744153,2783002.7521389765,327122.6432129026,283.28381506682473,0.04056747765553325,7883.796369674021,0.9266855036409479,283.0
1.70614817776305,633.4183670050882,5129.084179722276,73268.10788732342,1079422.8227731953,1943366.0415820866,2774993.3917967305,327121.02939511026,293.2843573540007,0.04410302842582006,8138.621535747028,0.9593948088312408,284.0
1.6905629488437899,623.1813420136232,4988.167066827955,69427.6726489758,1045286.90983495,1973210.8728140737,2766722.9381973078,327119.30967834085,303.80153340148854,0.047927547622604254,8405.346711214139,0.9937934788551634,285.0
1.6751811508550785,613.1568387737763,4852.286284229787,66140.24841593647,1009251.8208144853,2004125.6792591955,2758181.997154989,327117.4749045652,314.65732857206183,0.052062794585664346,8678.821789403431,1.0292991078270897,286.0
1.6588725263489632,602.9289058246661,4717.933118811433,63265.5020352401,971434.6876977823,2036133.9869072149,2749366.7654068745,327115.5157305797,325.64013214171723,0.0565320923321461,8953.041567931405,1.0652193976811195,287.0
1.6405631989835634,592.113443865073,4582.003508627253,60678.618197664255,931965.685502516,2069236.7126038356,2740279.8001644057,327113.42265446903,336.51035963210114,0.06136046953987209,9221.325410459065,1.1007705549794287,288.0
1.6192730222595635,580.3707102777099,4441.878313163876,58272.77708145759,890988.5008558648,2103409.6929226657,2730930.593554128,327111.1860196582,347.0069921494249,0.06657482079568491,9476.520110380616,1.1350986875911262,289.0
1.5941459143754668,567.4147027384192,4295.472951042679,55960.35496653139,848661.2274347362,2138601.888878178,2721335.93952875,327108.7959950573,356.85464874742775,0.07220408665419355,9711.213808242834,1.1673029449701018,290.0
1.5644719465409072,553.0192399979628,4141.257311730987,53672.93148327065,805157.5502919528,2174734.3125798614,2711520.0853758664,327106.2425309309,365.77080748644755,0.07827945494347763,9917.948911436519,1.1964591446439634,291.0
1.5297015574183443,537.0209930100963,3978.2500345523376,51360.30837403305,760668.020273782,2211699.6721967864,2701514.674381484,327103.5152913109,373.47293365276596,0.08483458481639716,10089.426107472496,1.2216430946397827,292.0
1.4894528368289917,519.3199341609543,3805.99274100679,48988.80620308536,715401.1766579621,2249362.717009116,2691358.491915228,327100.6035646422,379.685387550806,0.09190585442974161,10218.694920409862,1.2419531943254374,293.0
1.4435132959818873,499.87781162832795,3624.510153340449,46539.109881547796,669584.2675569046,2287561.2664201986,2681097.02582957,327097.4961533796,384.1461786613475,0.09953263500837714,10299.331770927334,1.2565325319701561,294.0
1.3918375709040474,478.7152722365649,3434.2623601215982,44003.95259827576,623463.2939249687,2326107.9140965375,2670781.8546916028,327094.181245549,386.6136050231318,0.10775758924932201,10325.606010726868,1.2645906059343137,295.0
1.334542744275049,455.90825081919735,3236.094096672305,41385.8497502505,577302.1988843259,2364792.381490291,2660469.8771961615,327090.646267191,386.873075239113,0.11662699777400053,10292.641629719044,1.2654256420333707,296.0
1.2719018868053293,431.58388473569005,3031.1835910956215,38695.019602152235,531380.9859010878,2403384.590293068,2650222.37539956,327086.8777174096,384.7441340463834,0.12619110984386336,10196.57512853453,1.2584475752532005,297.0
1.20433658953061,405.9162343565876,2820.9931012586576,35947.58849713424,485992.69541994215,2441638.436492768,2640103.9243971026,327082.86098477244,380.0878043370215,0.13650451925777557,10034.713038456486,1.243202064679734,298.0
1.1324081665023187,379.12172019902613,2607.2205476695126,33164.0783166355,441439.1986692928,2479296.3078719447,2630181.145857194,327078.58014470217,372.8140945401766,0.14762656030809504,9805.68602369394,1.2193950470013373,299.0
1.0568070396613096,351.4541243889087,2391.7511690501356,30368.1436897582,398025.83219117025,2516094.3589198343,2620521.3089235458,327074.01773727307,362.8893812884293,0.15962172094304108,9509.593564484107,1.186916879321998,300.0
0.9783394271916329,323.19889592032143,2176.607581701968,27585.49887848113,356055.00726831873,2551768.4905915638,2611190.7976271412,327069.15452682105,350.34315860676134,0.17256006635160123,9148.128317656012,1.145864406797694,301.0
0.8979105269217976,294.6665206547354,1963.8966580457052,24842.96741502209,315818.97521354543,2586060.9470416224,2602253.4685520884,327063.96924198075,335.27355230953714,0.18651766645349357,8724.667644112731,1.096558988002161,302.0
0.8165034648693626,266.1847681380692,1755.7523446509724,22167.594992012513,277592.0092395349,2618727.371813375,2593768.9406191027,327058.4383024405,317.8508373767629,0.2015770189309445,8244.316297376212,1.0395579848556706,303.0
0.7351536654722604,238.0897663441489,1554.2743063039168,19585.79078356081,241622.32922162995,2649544.087486586,2585790.871617527,327052.5355335267,298.31826041435335,0.21782746045463586,7713.886346162552,0.9756574346446516,304.0
0.6549188735589495,210.71599030857604,1361.463473801155,17122.481276271214,208124.15798981098,2678315.2959293057,2578365.291771472,327046.2318753999,276.98943405039995,0.2353655579450486,7141.799429429744,0.9058835067548289,305.0
0.5768454448856153,184.38550027270318,1179.156680071994,14800.286858507905,177270.37082147333,2704879.8116848934,2571529.080874023,327039.495094047,254.2418728705606,0.25429547389607093,6537.90369662523,0.8314713373535302,306.0
0.5019322353586821,159.3967967108117,1008.9630874365612,12638.742897384529,149186.16605118904,2729116.957459991,2565308.670325933,327032.2894999548,230.50633023476556,0.2747293027333955,5913.1988751625695,0.7538301292090803,307.0
0.4310937506576448,136.01390444606338,852.2060779461364,10653.604888405422,123944.23791029632,2750951.190819115,2559719.0642647287,327024.57568203297,206.25204017265236,0.2967873783865998,5279.472792734329,0.6744948592101525,308.0
0.3651251011557439,114.4564199800773,709.8748362415093,8856.28641500424,101561.9065504018,2770355.042973624,2554763.2697894485,327016.310265062,181.96833270938353,0.32059855864920617,4648.860126707589,0.595066127477078,309.0
0.3046705421704146,94.89112985442789,582.5889141602315,7253.466775730409,82000.49363604053,2787350.0977273625,2550432.194382105,327007.44569286326,158.1435217685792,0.3463004975159686,4033.3432925155166,0.5171410910641681,310.0
0.2501987802206821,77.42599457954537,470.57950889758274,5846.911886791281,65167.194446513786,2802005.7626871183,2546705.062912921,326997.93004146434,135.24227162060166,0.3740399217522435,3444.221778560307,0.44223942874042216,311.0
0.20198673463106617,62.10701138098631,373.68967322578345,4633.532587460908,50919.485720570134,2814435.775291815,2543550.364631004,326987.70686112903,113.68319387441596,0.40397293490450104,2891.5892923168785,0.37173006873644426,312.0
0.160113667650294,48.918379240888555,291.3945116387848,3605.6895763299767,39071.917511122534,2824792.5552554755,2540927.302456794,326976.7150432993,93.81841798613098,0.4362653745638111,2383.8577973426377,0.30676438123664296,313.0
0.12446659076499444,37.78609192160261,222.840792465755,2751.734150862594,29404.942196449418,2833259.6918655788,2538787.676795442,326964.8887046961,75.91702951367006,0.4710932517144701,1927.3721898822143,0.2482220310572826,314.0
0.09475692227014766,28.584808090473384,166.90368991300602,2056.753034528584,21675.23910200652,2840043.031121224,2537078.094833469,326952.1570778568,60.154041933129534,0.5086432992599672,1526.1550210423688,0.19667493766988553,315.0
0.07054715179456082,21.147476892670397,122.25641404033135,1503.4621479753312,15626.80349877313,2845361.0017209854,2535742.354299212,326938.4443946181,46.60600165628895,0.5491136523208388,1181.8081236439111,0.15237293680960107,316.0
0.05128548272658442,15.276990780236266,87.44758110231716,1073.1836121121728,11002.040230294086,2849434.8512209076,2534723.8423149316,326923.66974838206,35.25385730086627,0.5927146743519027,893.5879263407406,0.11525320401584993,317.0
0.0363453484195012,10.758853982707908,60.97998327702454,746.827230437567,7552.040064678595,2852479.5245507746,2533967.7732053534,326907.746919752,25.992766533133747,0.6396699345683914,658.6483273141156,0.08497236743557886,318.0
0.025066288186128657,7.373785438536225,41.38447512319293,505.7997089536269,5045.322550011248,2854695.8295851746,2533423.1085774833,326890.5841547671,18.64777858064626,0.6902173286621002,472.42713179845464,0.0609578323341621,319.0
0.016792565596412207,4.909194673917869,27.283318696081007,332.77344491379904,3274.496715534659,2856264.391742445,2533044.0363220447,326872.0838844335,12.99360796258368,0.744610322952443,329.13381159929224,0.042472477119070956,320.0
0.010906307128469116,3.1686412761788345,17.438706568456716,212.26505326743342,2060.5229502639404,2857341.69671576,2532790.933714946,326852.14238113107,8.776241921748404,0.8031192977167383,222.28385971493393,0.02868533474178561,321.0
0.006852761974601842,1.9786661260098684,10.784057227741977,130.99717023627255,1254.5265087775463,2858058.285477991,2532630.797346639,326830.6493506585,5.733997126903092,0.8660329572817287,145.22097715491915,0.01874046004360548,322.0
0.004156396632789175,1.1927370626781004,6.437793075895734,78.04323655541168,737.3719864098736,2858518.935153738,2532537.179810776,326807.48746315506,3.6158704646046873,0.933659779137178,91.57326388991035,0.01181693541529689,323.0
0.0024277681094372018,0.6924128064648644,3.701298662882311,44.77897931594811,417.4189506985792,2858804.4693486816,2532489.7208454907,326782.5318293401,2.1955863701650675,1.00632947942848,55.60299913671497,0.007174792728925314,324.0
0.0013622205433794022,0.3861399528446156,2.044299703055272,24.682544433416904,227.01079612210413,2858974.719827521,2532473.391651744,326755.6494304279,1.2805066948978783,1.0843944832359835,32.42849132660795,0.00418412796691367,325.0
0.0007322864211888376,0.2063131682666665,1.0818113996937897,13.035446133150725,118.29109008624185,2859072.118455108,2532477.58250872,326726.6985105857,0.7154025146820305,1.1682314001536818,18.11740830902608,0.0023374110172823064,326.0
0.00037607920895453,0.10531327942766762,0.5469485165585278,6.577390322363229,58.89239062986981,2859125.4366418887,2532495.154671715,326695.5279396076,0.38179311153169765,1.258242516574675,9.668892050410621,0.0012473010213555347,327.0
0.0001839662847080433,0.05120461153164367,0.26340566167141294,3.1613238177287517,27.929473970126146,2859153.285497157,2532521.553728956,326661.9765516848,0.19404876914263053,1.3548573246958098,4.914326903282861,0.0006338835447555327,328.0
8.544265481918593e-05,0.02363859497089068,0.12044919249055644,1.4427411222209314,12.577018273634339,2859167.121939281,2532554.048504415,326625.8724635697,0.09363017995506795,1.4585341120303574,2.371234913074043,0.00030582039216745107,329.0
3.7551111890358984e-05,0.010326541852226725,0.05212153299384991,0.6230829184745937,5.359637481624678,2859173.6400505262,2532591.125866115,326587.03237304837,0.042744235549126174,1.5697616352191166,1.082536716336479,0.00013959713039043674,330.0
1.5560924850527268e-05,0.004253649470890819,0.02126755246645819,0.2537421625310835,2.153681947517683,2859176.5414596135,2532632.04292003,326545.26083665737,0.01839708988847033,1.6890608983904103,0.4659305934802005,6.007482516265975e-05,331.0
6.057525311303256e-06,0.0016459801796941194,0.008152430154253635,0.09707492607908645,0.8129778916831312,2859177.7573749,2532676.5181579967,326500.3495244186,0.007437269381211579,1.8169870512660344,0.1883619752101002,2.4282710524728367e-05,332.0
2.2068196230811397e-06,0.0005960841466556379,0.002924749526115106,0.034756742625325195,0.2871628043902637,2859178.2352526924,2532724.532928499,326452.07644879987,0.0028134244380221413,1.9541314170098085,0.07125629095719253,9.18448249724126e-06,333.0
7.498865230487426e-07,0.00020135189745481595,0.0009787318101850458,0.011606077743815741,0.0945500880044499,2859178.410650495,2532776.2126911734,326400.20516524644,0.0009925692854786557,2.1011236558212665,0.02513955875708214,3.239748184209553e-06,334.0
2.3741105810176953e-07,6.337006235749361e-05,0.0003051500128785768,0.0036089706032156788,0.028934579955663058,2859178.4704853254,2532831.761147655,326344.4839421415,0.00032621894744767476,2.258634067934877,0.008262577111836285,1.0645975405696001e-06,335.0
7.063122880942303e-08,1.874098690413522e-05,8.938926959213797e-05,0.001052324951847232,0.00824340288761909,2859178.4893378024,2532891.426567701,326284.6448987416,0.0001007383373488246,2.4273760390032564,0.0025515927099752267,3.2869372629550876e-07,336.0
2.0709009703689472e-08,5.4614078829607144e-06,2.578775794194157e-05,0.0002999922814691913,0.002234196100008848,2859178.49475823,2532955.486135379,326220.40311034577,3.065469004930465e-05,2.608108631320009,0.0007764696533616584,1.0000185345106869e-07,337.0
7.096940484178708e-09,1.8594587645586727e-06,8.678314019951588e-06,9.779963806799138e-05,0.0006368046728116058,2859178.496125879,2533024.239561761,326151.4556808558,1.0901616441640092e-05,2.8016393254445,0.0002761405869707938,3.5555780717152674e-08,338.0
3.805682530300505e-09,9.903452231142342e-07,4.56353704072165e-06,4.904515699563192e-05,0.00025210747054314243,2859178.4963693204,2533098.007072303,326077.4807828874,6.065767614255721e-06,3.0088269179400724,0.00015365183855034888,1.9779102226709305e-08,339.0
3.1876078084808115e-09,8.242554792535967e-07,3.7559119714041684e-06,3.924852254751767e-05,0.00017074267170133852,2859178.4963225145,2533177.12929793,325998.13665985555,5.2710543483263646e-06,3.2305845871093686,0.0001335251432246675,1.7183538957872243e-08,340.0
3.2009490255754918e-09,8.227348370090934e-07,3.712913671528534e-06,3.8430162366938074e-05,0.00015808404723988747,2859178.4962004414,2533261.967911344,325913.060612554,5.490835759008309e-06,3.46788310115787,0.00013909725400343368,1.789535087539254e-08,341.0
3.3544037092309703e-09,8.571408807871182e-07,3.832398408349133e-06,3.950157375826924e-05,0.0001594694517205798,2859178.4960524584,2533352.906505101,325821.868002729,5.96829634704782e-06,3.721754273995327,0.0001511980089767737,1.9446014645889845e-08,342.0
3.5423180012215584e-09,8.999069349488038e-07,3.986809333430646e-06,4.096487114644396e-05,0.00016350339247942983,2859178.495887914,2533450.3517463044,325724.15106299444,6.5365196048393304e-06,3.9932945239677746,0.00016559947892076817,2.129102299192911e-08,343.0
3.744599063749286e-09,9.457975330496494e-07,4.151962436159556e-06,4.253590158196472e-05,0.0001680478952669579,2859178.4957074896,2533554.734354618,325619.4779070475,7.1653386607209155e-06,4.283668687523942,0.00018153777687123654,2.3331738337311273e-08,344.0
3.9582737776870216e-09,9.940079109593553e-07,4.324002175977671e-06,4.41688059253306e-05,0.0001727544913265147,2859178.4955100864,2533666.5102367303,325507.39138943935,7.853410133234558e-06,4.594114029320633,0.0001989792224573018,2.5563430459805704e-08,345.0
4.183339136577931e-09,1.0444947292905803e-06,4.502520322235303e-06,4.585801017981018e-05,0.0001775727638609148,2859178.495294206,2533786.1616006256,325387.40798673505,8.604908407010232e-06,4.925944446753515,0.00021802997843523413,2.7999288425203248e-08,346.0
4.420298894407602e-09,1.0973420734610846e-06,4.687673771733051e-06,4.7604530468689916e-05,0.00018249998964582064,2859178.495058167,2533914.1980504235,325259.01669812633,9.425291229147218e-06,5.280554950295936,0.00023882879266296265,3.065660957285899e-08,347.0
4.66972691626355e-09,1.1526489197158389e-06,4.879673421126027e-06,4.9409970105449314e-05,0.00018753745161935716,2859178.4948001346,2534051.157727697,325121.6778994156,1.0320586641540566e-05,5.659426341933614,0.00026152894527424876,3.355446445803964e-08,348.0
4.932235014587601e-09,1.2105212961363478e-06,5.078750821775839e-06,5.1276142893134155e-05,0.00019268749870598258,2859178.494518116,2534197.6083524427,324974.8222970866,1.1297344578358592e-05,6.06413015715511,0.0002862970361120978,3.671352546781038e-08,349.0
5.208466230548471e-09,1.271070200251964e-06,5.2851478286279765e-06,5.320495350177923e-05,0.00019795288989735835,2859178.4942099415,2534354.1483996357,324817.84974644106,1.2362677745070058e-05,6.496333961511652,0.0003133140362854616,4.015618402261837e-08,350.0
5.499090015094373e-09,1.33441032381709e-06,5.499110257766355e-06,5.5198316907475606e-05,0.00020333610999947324,2859178.493873251,2534521.4080791236,324650.12826646975,1.352425708350111e-05,6.957806570263128,0.00034277519106499295,4.3906517968673475e-08,351.0
5.8048051714297496e-09,1.4006606620948952e-06,5.720891124119649e-06,5.725819933466893e-05,0.00020883971157941139,2859178.4935054835,2534700.050287142,324470.99308201484,1.479045729992184e-05,7.450424356611984,0.00037489372861881714,4.7990743682427754e-08,352.0
6.12634426586757e-09,1.469945308743224e-06,5.950751862707693e-06,5.938662696511087e-05,0.00021446626671105452,2859178.493103854,2534890.7715862193,324279.74563840503,1.6170244727348764e-05,7.976176693323296,0.0004098980413364711,5.243682847095417e-08,353.0
6.464467070766591e-09,1.5423920967316833e-06,6.188958247455984e-06,6.158564855988157e-05,0.00022021830630150645,2859178.4926653374,2535094.3030400365,324075.65275956056,1.767347198538111e-05,8.537172968606054,0.0004480391814507733,5.72754197019019e-08,354.0
6.819975914817505e-09,1.6181354885048505e-06,6.435789496230106e-06,6.385741725722887e-05,0.00022609852349768814,2859178.4921866492,2535311.4109357093,323857.94591940433,1.9310545660255563e-05,9.13564887618617,0.0004895824676384097,6.253873652113235e-08,355.0
7.193695293663033e-09,1.69731238723321e-06,6.691523694061518e-06,6.620405620953676e-05,0.00023210943908433653,2859178.4916642243,2535542.8974089967,323625.82060922385,2.109320130987336e-05,9.773973818308766,0.0005348271676486754,6.826304583183322e-08,356.0
7.58650647237839e-09,1.7800693788201212e-06,6.95646365599131e-06,6.86279028740323e-05,0.0002382539877480259,2859178.4910941916,2535789.6009071367,323378.4358674223,2.303339796537448e-05,10.45465830478014,0.0005840785103415221,7.448504206754667e-08,357.0
7.999309550817595e-09,1.8665548149291719e-06,7.230912054482202e-06,7.113120003509539e-05,0.0002445345762530594,2859178.4904723517,2536052.3964685034,323114.9139920227,2.5144948198660026e-05,11.180361754535951,0.0006376890613828814,8.1247077745439e-08,358.0
8.433048154780965e-09,1.9569211690045154e-06,7.515141758220372e-06,7.371614091436188e-05,0.0002509540039984151,2859178.4897941486,2536332.195795946,322834.34045906615,2.744171861293013e-05,11.953900740300947,0.0006960131442594757,8.859129129468579e-08,359.0
8.88870277120607e-09,2.051331875335694e-06,7.80969801080189e-06,7.638600563602688e-05,0.00025751454774406964,2859178.4890546403,2536629.9470886784,322535.7640815773,2.9940108972628536e-05,12.778258101944585,0.00075946977039068,9.656755924172434e-08,360.0
9.367367397326898e-09,2.1499289270456694e-06,8.112485180620736e-06,7.913440894024566e-05,0.00026422643042069887,2859178.488248471,2536946.634578225,322218.19746531703,3.265647284539689e-05,13.656591229887052,0.0008284772888232485,1.0522509815818859e-07,361.0
9.869995880983024e-09,2.2529592762025725e-06,8.430279761728854e-06,8.198767634838553e-05,0.0002710723787105157,2859178.487369825,2537283.2777491817,321880.6177770634,3.56088992174609e-05,14.592242957343583,0.0009034986452351947,1.1461814478477503e-07,362.0
1.0397773402608634e-08,2.360510376411136e-06,8.756284333473431e-06,8.492098356117065e-05,0.00027807828511545925,2859178.4864124167,2537640.9301752537,321521.96789984166,3.881722557946979e-05,15.588750279384993,0.0009850418042630837,1.2480590756723196e-07,363.0
1.0951955614765684e-08,2.472826677939824e-06,9.094295127689302e-06,8.795145538890832e-05,0.0002852350228850737,2859178.4853694197,2538020.677949723,321141.15799073636,4.2303272260160365e-05,16.64985604190198,0.0010736657974122392,1.3585321840425295e-07,364.0
1.1534537554435034e-08,2.5902329863806467e-06,9.43560642033084e-06,9.107650970691088e-05,0.00029255307750304053,2859178.484233451,2538423.637627586,320737.0675279976,4.608954474468492e-05,17.779519638446157,0.001169947898274025,1.4782625425110674e-07,365.0
1.2144072452671597e-08,2.7124820649873084e-06,9.807434214091902e-06,9.43109260324642e-05,0.00030001566282662794,2859178.4829964954,2538850.953643171,320308.5478815548,5.0200004860492265e-05,18.981928842182388,0.0012745033021295262,1.607949066051127e-07,366.0
1.2784763684812257e-08,2.8402376444101474e-06,1.0182152522881193e-05,9.76412313905589e-05,0.0003076491627024299,2859178.4816499026,2539303.795114543,319854.42549620895,5.466239770778038e-05,20.261512152694085,0.001388044339494272,1.748400981506738e-07,367.0
1.3456929950926766e-08,2.973550363334958e-06,1.0570046114348013e-05,0.00010107765439246583,0.00031544735463568936,2859178.4801842906,2539783.3519544313,319373.5057678675,5.950516900615257e-05,21.622951592483638,0.0015113023759706112,1.9004374436804397e-07,368.0
1.4162056789942711e-08,3.1126506730703846e-06,1.097132805540234e-05,0.00010462265236193352,0.0003234137139809801,2859178.478589508,2540290.8304153825,318864.5774843761,6.475934543383894e-05,23.071196656281383,0.0016450757138928335,2.0649461319925817e-07,369.0
1.490164328985075e-08,3.2577638535912722e-06,1.138652411390526e-05,0.00010827964188693436,0.00033155103923902004,2859178.4768545725,2540827.447607633,318326.4182938914,7.045836295626481e-05,24.611478009833554,0.0017902254251277853,2.2428758318718777e-07,370.0
1.5677286084146666e-08,3.4091451149492305e-06,1.1815879988472337e-05,0.00011205144005097691,0.00033986279667203267,2859178.4749676064,2541394.4253001795,317757.8008880825,7.663828296996664e-05,26.249323150861766,0.0019476810510445093,2.435241226037518e-07,371.0
1.6490567498184866e-08,3.5670256394548654e-06,1.2259978997458893e-05,0.0001159412319388986,0.0003483521365925051,2859178.4729157602,2541992.9826746807,317157.5002330805,8.333789360817822e-05,27.99057148699346,0.002118443407428782,2.643123801146022e-07,372.0
1.734320435442736e-08,3.731671125163326e-06,1.2719175015235192e-05,0.0001199524010625336,0.00035702226639471014,2859178.470685145,2542624.3282833705,316524.3015946234,9.059901535913607e-05,29.841391206045376,0.0023035926057065814,2.8676790061711107e-07,373.0
1.8236932626290038e-08,3.90333223075513e-06,1.3194140511981862e-05,0.00012408821614419332,0.0003658764011970588,2859178.468260743,2543289.6505326875,315857.01003710047,9.846667546659274e-05,31.808296515035057,0.002504292766365462,3.11013897011715e-07,374.0
1.917364332931996e-08,4.082310687100243e-06,1.3684991690987598e-05,0.00012835225130613224,0.0003749179653460772,2859178.4656263287,2543990.1076796926,315154.4604092802,0.00010698934004607982,33.89816541594845,0.002721798227044059,3.371816773176728e-07,375.0
2.0155210385618808e-08,4.268871227113111e-06,1.4192509106467394e-05,0.00013274792073363623,0.0003841502066051039,2859178.462764369,2544726.8156356746,314415.5295208213,0.0001162191773127706,36.11825948594337,0.002957460569989246,3.654111417526899e-07,376.0
2.1183641470130445e-08,4.463318671287114e-06,1.4717029454949938e-05,0.00013727889675020205,0.0003935765861213705,2859178.4596559186,2545500.8347602827,313639.1493288923,0.00012621229711630758,38.4762430270979,0.003212735076665738,3.9585117502404114e-07,377.0
2.2260996442594758e-08,4.665952890132153e-06,1.5259110487150364e-05,0.00014194885781874998,0.00040320053952951984,2859178.4562805207,2546313.156411383,312824.320366892,0.00013702907982376456,40.980204385924594,0.003489189487661973,4.2866028766369744e-07,378.0
2.33894345543409e-08,4.877087963019006e-06,1.5819420346055363e-05,0.0001467615124432516,0.0004130254619445507,2859178.452616086,2547164.687050445,311970.12761710124,0.00014873444716999063,43.63867779527254,0.003788511315793701,4.640070446468098e-07,379.0
2.4571196219699335e-08,5.097048552989938e-06,1.6398566030617567e-05,0.00015172067218366592,0.000423054793946637,2859178.4486387717,2548056.231325283,311075.7574049445,0.0001613982029240834,46.460666251497805,0.0041125169668541324,5.020706821840617e-07,380.0
2.5808631901131487e-08,5.326187119787937e-06,1.6996769003427026e-05,0.0001568304740553187,0.0004332923211757923,2859178.4443228403,2548988.473660179,310140.51578457654,0.00017509537935606414,49.45566566587228,0.0044631610376976395,5.430417126498582e-07,381.0
2.7104162278042712e-08,5.564852704851949e-06,1.7614442797586088e-05,0.00016209505077408804,0.0004437418146040358,2859178.439640524,2549961.9587259977,309163.84804349416,0.00018990661903818255,52.63368999570122,0.0048425465425763585,5.871226111077441e-07,382.0
2.846030612338858e-08,5.813392185888156e-06,1.825306667541584e-05,0.0001675180913137596,0.0004544062921938361,2859178.4345618645,2550977.070712303,308145.35940385883,0.00020591856076658676,56.00529765431691,0.005252935269496409,6.345284891534522e-07,383.0
2.987960024158754e-08,6.072089148746524e-06,1.8916394282985587e-05,0.00017310224782786528,0.0004652874014243726,2859178.4290545527,2552034.0114839035,307084.8368381578,0.0002232242733134233,59.58161913749061,0.00569675937684635,6.854878954876894e-07,384.0
3.136506812369286e-08,6.341650364507193e-06,1.9593653380416164e-05,0.00017885741253890217,0.0004763956527996918,2859178.423083749,2553132.777789164,305982.2718317854,0.0002419236628281244,63.374385956420326,0.006176632332892984,7.402435196201636e-07,385.0
3.29191989629466e-08,6.62212159972361e-06,2.029634091012288e-05,0.00018478312406949968,0.00048773053032868794,2859178.4166118936,2554273.1377463643,304837.88386620773,0.00026212408215726675,67.39596092339929,0.006695365018107276,7.990535051519318e-07,386.0
3.454517771338913e-08,6.914127807100805e-06,2.102011074966483e-05,0.0001908857836517928,0.0004992959702840254,2859178.4095985084,2555454.606917589,303652.1443131741,0.0002839407706179693,71.6593698501386,0.007255977503674201,8.621922385608148e-07,387.0
3.6245878917302695e-08,7.217866465548754e-06,2.1776655123458672e-05,0.000197164850206689,0.0005110898079122656,2859178.401999977,2556676.4242760297,302425.8004340235,0.0003074972347959507,76.17833471928678,0.00786170930732878,9.299509736441425e-07,388.0
3.802473812099147e-08,7.534174767024796e-06,2.254195692577528e-05,0.00020363724873580808,0.000523132378520502,2859178.3937693066,2557937.52846832,301159.89908241754,0.00033292615673081164,80.96730839132924,0.00851604310510469,1.0026400776294837e-06,389.0
3.988484264198745e-08,7.863088343030153e-06,2.3345439373580702e-05,0.00021029402805563255,0.000535409858972492,2859178.3848558925,2559236.5348479063,299855.809634409,0.0003603700180350395,86.04151091218095,0.00922272116219072,1.0805904352586335e-06,390.0
4.182977485163843e-08,8.20536017847558e-06,2.4168758207025196e-05,0.00021714877895836283,0.0005479360676287351,2859178.375205244,2560571.7138353493,298515.2455899007,0.00038998117863333134,91.41696748879797,0.009985747749366789,1.1641532731516784e-06,391.0
4.3863072877307596e-08,8.561397180386548e-06,2.5017290728360888e-05,0.00022420515071674637,0.0005607154235687163,2859178.3647587,2561940.9712352296,297140.2842157468,0.00042192344137026086,97.11054820292827,0.010809429511710366,1.253704512860453e-06,392.0
4.598847702991187e-08,8.931666424258117e-06,2.5898879360040383e-05,0.00023146398415121276,0.0005737427864632268,2859178.3534531384,2563341.8312106384,295733.3835294324,0.000456372459779925,103.14000953563016,0.011698386167663765,1.3496457168036701e-06,393.0
4.820978402677064e-08,9.316752653148463e-06,2.6800652987984953e-05,0.00023893949438927097,0.0005870444300018838,2859178.341220624,2564771.422623032,294297.39591549145,0.0004935156452692581,109.52403777789277,0.012657548236039587,1.4524036924629608e-06,394.0
5.053119627372106e-08,9.717185039661552e-06,2.7738335547991412e-05,0.00024662687477575076,0.0006005949454209379,2859178.3279881175,2566226.4695576704,292835.57755438227,0.0005335560055541677,116.28229436078854,0.013692255444445647,1.5624418104406391e-06,395.0
5.295664126794099e-08,1.0133506404780864e-05,2.8700868372129296e-05,0.00025453954149882025,0.0006144228729887908,2859178.3136770413,2567703.287021515,291351.59267665807,0.0005767074248929804,123.43546343749225,0.014808135505474192,1.68024626751024e-06,396.0
5.54907151547932e-08,1.0566336115114679e-05,2.9695171892193336e-05,0.0002626801432489871,0.0006285229829968486,2859178.2982029356,2569197.783427503,289849.5110288931,0.0006232035806701023,131.00530127498325,0.0160113325808171,1.806352531286845e-06,397.0
5.813779248712514e-08,1.1016238735806314e-05,3.072277281433636e-05,0.0002710531786395284,0.0006428972170828408,2859178.281475025,2570705.4685112443,288333.79990520095,0.0006732916569595571,139.0146876257302,0.017308345444489302,1.9413274189561813e-06,398.0
6.090248717813344e-08,1.148384983611517e-05,3.177897897202952e-05,0.0002796687730054025,0.0006575591229017057,2859178.263395769,2572221.4695815397,286809.30784038483,0.0007272340530634335,147.4876816323555,0.018706070447005646,2.085774953970811e-06,399.0
